tipo_post;post_id;post_link;link;link_domain;UrlCompleta;titulo_facebook
photo;71339054219_10150413324184220;https://www.facebook.com/71339054219/posts/10150413324184220;http://ow.ly/7Qc0C;www.lanacion.com.ar;http://www.lanacion.com.ar/1430554-la-pirotecnia-vedada-en-florencio-varela?utm_source=FB&utm_medium=Cali&utm_campaign=1430554;
photo;71339054219_10150413443874220;https://www.facebook.com/71339054219/posts/10150413443874220;https://www.facebook.com/lanacion/photos/a.10150092000724220.273081.71339054219/10150413443824220/?type=3;;URL NULL;
status;71339054219_10150413630589220;https://www.facebook.com/71339054219/posts/10150413630589220;;;TIME OUT;
photo;71339054219_10150415091409220;https://www.facebook.com/71339054219/posts/10150415091409220;http://ow.ly/7RuuH;www.lanacion.com.ar;http://www.lanacion.com.ar/1430829-empresario-y-millonario-a-los-ocho-anos?utm_source=FB&utm_medium=Cali&utm_campaign=1430829;
link;71339054219_10150415540599220;https://www.facebook.com/71339054219/posts/10150415540599220;http://www.lanacion.com.ar/1430851-cambio-climatico?utm_source=FB&utm_medium=Cali&utm_campaign=1430851;;URL NULL;
photo;71339054219_10150417078469220;https://www.facebook.com/71339054219/posts/10150417078469220;https://www.facebook.com/lanacion/photos/a.10150092000724220.273081.71339054219/10150417078429220/?type=3;;URL NULL;
photo;71339054219_10150555725529220;https://www.facebook.com/71339054219/posts/10150555725529220;https://www.facebook.com/lanacion/photos/a.10150092000724220.273081.71339054219/10150555725464220/?type=3;;URL NULL;
status;71339054219_10150558348359220;https://www.facebook.com/71339054219/posts/10150558348359220;;;TIME OUT;
photo;71339054219_10150558612464220;https://www.facebook.com/71339054219/posts/10150558612464220;https://www.facebook.com/lanacion/photos/a.10150092000724220.273081.71339054219/10150558612394220/?type=3;;URL NULL;
status;71339054219_10150560439199220;https://www.facebook.com/71339054219/posts/10150560439199220;;facebook.com;TIME OUT;
photo;71339054219_10150570557404220;https://www.facebook.com/71339054219/posts/10150570557404220;http://ow.ly/7RuuH;www.lanacion.com.ar;http://www.lanacion.com.ar/1430829-empresario-y-millonario-a-los-ocho-anos?utm_source=FB&utm_medium=Cali&utm_campaign=1430829;
photo;71339054219_10151399265404220;https://www.facebook.com/71339054219/posts/10151399265404220;http://a.ln.com.ar/ZscfT2;;URL NULL;
photo;71339054219_10151399385214220;https://www.facebook.com/71339054219/posts/10151399385214220;http://a.ln.com.ar/14pSgfy;;URL NULL;
photo;71339054219_10151399770069220;https://www.facebook.com/71339054219/posts/10151399770069220;http://a.ln.com.ar/117LPWX;;URL NULL;
photo;71339054219_10151399924054220;https://www.facebook.com/71339054219/posts/10151399924054220;https://www.facebook.com/lanacion/photos/a.10150092000724220.273081.71339054219/10151399783879220/?type=3;;URL NULL;
photo;71339054219_10151400657079220;https://www.facebook.com/71339054219/posts/10151400657079220;http://a.ln.com.ar/ZXNCg8;;URL NULL;
photo;71339054219_10151400902334220;https://www.facebook.com/71339054219/posts/10151400902334220;http://a.ln.com.ar/XPs2QK;;URL NULL;
photo;71339054219_10151401071569220;https://www.facebook.com/71339054219/posts/10151401071569220;http://a.ln.com.ar/11nzVLr;;URL NULL;
photo;71339054219_10151401193179220;https://www.facebook.com/71339054219/posts/10151401193179220;http://a.ln.com.ar/ZYH80y;;URL NULL;
photo;71339054219_10151401348234220;https://www.facebook.com/71339054219/posts/10151401348234220;http://a.ln.com.ar/11efgZ7;;URL NULL;
photo;71339054219_10151402046104220;https://www.facebook.com/71339054219/posts/10151402046104220;https://www.facebook.com/lndeportes/photos/a.10150105386332789.285044.88057207788/10151522984587789/?type=3;;URL NULL;
photo;71339054219_10151402201609220;https://www.facebook.com/71339054219/posts/10151402201609220;http://a.ln.com.ar/173m5Ah;;URL NULL;
photo;71339054219_10151402275199220;https://www.facebook.com/71339054219/posts/10151402275199220;https://www.facebook.com/lndeportes/photos/a.10150105386332789.285044.88057207788/10151523231567789/?type=3;;URL NULL;
photo;71339054219_10151402469004220;https://www.facebook.com/71339054219/posts/10151402469004220;http://a.ln.com.ar/XRFNhV;;URL NULL;
link;71339054219_10151402886964220;https://www.facebook.com/71339054219/posts/10151402886964220;http://www.lanacion.com.ar/1573712-senado-consejo-de-la-magistratura;;URL NULL;
link;71339054219_10151402923749220;https://www.facebook.com/71339054219/posts/10151402923749220;http://www.lanacion.com.ar/1573773-diputados-reforma-judicial;;URL NULL;
photo;71339054219_10151403402409220;https://www.facebook.com/71339054219/posts/10151403402409220;http://a.ln.com.ar/ZtXdiT;;URL NULL;
photo;71339054219_10151403665114220;https://www.facebook.com/71339054219/posts/10151403665114220;http://guia.ln.com.ar/102abAn;;URL NULL;
photo;71339054219_10151403830319220;https://www.facebook.com/71339054219/posts/10151403830319220;http://a.ln.com.ar/17JiHf7;;URL NULL;
photo;71339054219_10151403987404220;https://www.facebook.com/71339054219/posts/10151403987404220;http://a.ln.com.ar/11EVXt9;;URL NULL;
photo;71339054219_10151404267474220;https://www.facebook.com/71339054219/posts/10151404267474220;https://www.facebook.com/lanacion/photos/a.10151404178034220.1073741828.71339054219/10151404267089220/?type=3;;URL NULL;
photo;71339054219_10151405278419220;https://www.facebook.com/71339054219/posts/10151405278419220;http://a.ln.com.ar/Z8JlLy;;URL NULL;
photo;71339054219_10151405457014220;https://www.facebook.com/71339054219/posts/10151405457014220;http://a.ln.com.ar/15nL434;;URL NULL;
link;71339054219_10151405627999220;https://www.facebook.com/71339054219/posts/10151405627999220;http://www.lanacion.com.ar/1574432-lazaro-baez-me-quisieron-usar-como-forro-de-un-amigo-que-era-nestor-kirchner;;URL NULL;
link;71339054219_10151405779234220;https://www.facebook.com/71339054219/posts/10151405779234220;http://www.lanacion.com.ar/1574421-mariano-ferreyra-fallo;;URL NULL;
photo;71339054219_10151406479004220;https://www.facebook.com/71339054219/posts/10151406479004220;http://a.ln.com.ar/1186Z8L;;URL NULL;
photo;71339054219_10151406666319220;https://www.facebook.com/71339054219/posts/10151406666319220;http://a.ln.com.ar/Z6w5YA;;URL NULL;
photo;71339054219_10151406865049220;https://www.facebook.com/71339054219/posts/10151406865049220;http://a.ln.com.ar/ZEpwY7;;URL NULL;
photo;71339054219_10151407035749220;https://www.facebook.com/71339054219/posts/10151407035749220;http://a.ln.com.ar/Z9tmwC;;URL NULL;
photo;71339054219_10151407817524220;https://www.facebook.com/71339054219/posts/10151407817524220;http://a.ln.com.ar/17bIhYU;;URL NULL;
photo;71339054219_10151408033064220;https://www.facebook.com/71339054219/posts/10151408033064220;http://a.ln.com.ar/XVAoGF;;URL NULL;
photo;71339054219_10151408168324220;https://www.facebook.com/71339054219/posts/10151408168324220;http://a.ln.com.ar/14Ds3dI;;URL NULL;
photo;71339054219_10151408321189220;https://www.facebook.com/71339054219/posts/10151408321189220;http://a.ln.com.ar/13xvLEO;;URL NULL;
photo;71339054219_10151408570469220;https://www.facebook.com/71339054219/posts/10151408570469220;http://a.ln.com.ar/12tjDCb;;URL NULL;
link;71339054219_10152217355234220;https://www.facebook.com/71339054219/posts/10152217355234220;http://canchallena.lanacion.com.ar/1703778-la-carta-de-diego-maradona-contra-la-acusacion-de-julio-grondona-hay-que-ser-muy-perverso-para-afirmarlo?utm_source=FB-LN&utm_medium=Parti&utm_campaign=1703778;;URL NULL;
link;71339054219_10152217631249220;https://www.facebook.com/71339054219/posts/10152217631249220;http://canchallena.lanacion.com.ar/1703638-el-mundial-que-duele-los-hinchas-que-usan-entradas-para-discapacitados-sin-serlo?utm_source=FB-LN&utm_medium=Parti&utm_campaign=1703638;;URL NULL;
link;71339054219_10152217824764220;https://www.facebook.com/71339054219/posts/10152217824764220;http://a.ln.com.ar/1izyi9z;;URL NULL;
link;71339054219_10152217943744220;https://www.facebook.com/71339054219/posts/10152217943744220;http://www.lanacion.com.ar/1703753-el-apego-un-estilo-de-crianza-que-suma-respaldo-cientifico?utm_source=FB&utm_medium=Parti&utm_campaign=1703753;;URL NULL;
link;71339054219_10152218071729220;https://www.facebook.com/71339054219/posts/10152218071729220;http://www.lanacion.com.ar/1703782-gualeguaychu-alumna-bajo-rendimiento-cuatro-dias-sin-comer?utm_source=FB&utm_medium=Parti&utm_campaign=1703782;;URL NULL;
link;71339054219_10152218184614220;https://www.facebook.com/71339054219/posts/10152218184614220;http://www.lanacion.com.ar/1703830-el-misterio-de-la-isla-magica-que-aparece-y-desaparece-en-una-luna-de-saturno?utm_source=FB&utm_medium=Parti&utm_campaign=1703830;;URL NULL;
link;71339054219_10152218195684220;https://www.facebook.com/71339054219/posts/10152218195684220;http://www.lanacion.com.ar/1703382-moderna-buenos-aires-iniciativa-portenos?utm_source=FB&utm_medium=Parti&utm_campaign=1703382;;URL NULL;
link;71339054219_10152219212209220;https://www.facebook.com/71339054219/posts/10152219212209220;http://www.lanacion.com.ar/1704071-intento-de-robo-y-corridas-en-el-mc-donalds-del-alto-palermo?utm_source=FB&utm_medium=Parti&utm_campaign=1704071;;URL NULL;
link;71339054219_10152219364464220;https://www.facebook.com/71339054219/posts/10152219364464220;http://www.lanacion.com.ar/1703934-estos-son-los-26-modelos-de-vehiculos-que-se-pueden-comprar-con-el-procreauto?utm_source=FB&utm_medium=Parti&utm_campaign=1703934;;URL NULL;
link;71339054219_10152219526729220;https://www.facebook.com/71339054219/posts/10152219526729220;http://ir.ln.com.ar/1rujRE7;;URL NULL;
link;71339054219_10152219790124220;https://www.facebook.com/71339054219/posts/10152219790124220;http://canchallena.lanacion.com.ar/1703912-en-vivo-italia-uruguay-mundial-brasil-2014?utm_source=FB-LN&utm_medium=Cali&utm_campaign=1703912;;URL NULL;
link;71339054219_10152219882484220;https://www.facebook.com/71339054219/posts/10152219882484220;http://canchallena.lanacion.com.ar/1704135-insolito-luis-suarez-le-mordio-el-hombro-a-chiellini-un-minuto-antes-del-gol-de-uruguay?utm_source=FB-LN&utm_medium=Parti&utm_campaign=1704135;;URL NULL;
link;71339054219_10152220015179220;https://www.facebook.com/71339054219/posts/10152220015179220;http://www.lanacion.com.ar/1703878-como-se-verian-las-pinturas-clasicas-si-estuvieran-retocadas-en-base-a-los-estandares-esteticos-actuales?utm_source=FB&utm_medium=Parti&utm_campaign=1703878;;URL NULL;
link;71339054219_10152220025014220;https://www.facebook.com/71339054219/posts/10152220025014220;http://www.lanacion.com.ar/1704146-un-joven-en-grave-estado-tras-participar-de-un-cruce-de-brasas-en-misiones?utm_source=FB&utm_medium=Parti&utm_campaign=1704146;;URL NULL;
link;71339054219_10152220028004220;https://www.facebook.com/71339054219/posts/10152220028004220;http://www.lanacion.com.ar/1703098-5-ejemplos-del-uso-eficiente-del-tiempomientras-todos-miran-el-mundial?utm_source=FB&utm_medium=Parti&utm_campaign=1703098;;URL NULL;
link;71339054219_10152221234479220;https://www.facebook.com/71339054219/posts/10152221234479220;http://ir.ln.com.ar/1nG1lod;;URL NULL;
link;71339054219_10152221330674220;https://www.facebook.com/71339054219/posts/10152221330674220;http://www.lanacion.com.ar/1704364-bolivia-da-vuelta-el-reloj-las-agujas-giran-a-la-izquierda-y-los-numeros-estan-invertidos?utm_source=FB&utm_medium=Parti&utm_campaign=1704364;;URL NULL;
link;71339054219_10152221415824220;https://www.facebook.com/71339054219/posts/10152221415824220;http://canchallena.lanacion.com.ar/1704398-el-papa-francisco-atajo-una-camiseta-argentina-en-el-vaticano?utm_source=FB-LN&utm_medium=Parti&utm_campaign=1704398;;URL NULL;
link;71339054219_10152221550359220;https://www.facebook.com/71339054219/posts/10152221550359220;http://www.lanacion.com.ar/1704414-explosion-en-nigeria-deja-al-menos-13-muertos?utm_source=FB&utm_medium=Cali&utm_campaign=1704414;;URL NULL;
photo;71339054219_10152221676089220;https://www.facebook.com/71339054219/posts/10152221676089220;http://ir.ln.com.ar/Tx2Tcr;;URL NULL;
link;71339054219_10152221708479220;https://www.facebook.com/71339054219/posts/10152221708479220;http://canchallena.lanacion.com.ar/1704425-la-broma-del-pocho-lavezzi-que-estallo-en-las-redes-sociales?utm_source=FB-LN&utm_medium=Parti-LN&utm_campaign=1704425;;URL NULL;
link;71339054219_10152221909174220;https://www.facebook.com/71339054219/posts/10152221909174220;http://personajes.lanacion.com.ar/1704429-copa-del-mundo-el-pocho-lavezzi-no-siempre-fue-un-potro?utm_source=FB-LN&utm_medium=Parti&utm_campaign=1704429;;URL NULL;
link;71339054219_10152221923629220;https://www.facebook.com/71339054219/posts/10152221923629220;http://www.lanacion.com.ar/1704313-el-matematico-argentino-miguel-walsh-de-26-anos-gano-el-premio-ramanujan?utm_source=fb&utm_medium=publi&utm_campaign=1704313;;URL NULL;
link;71339054219_10152221930599220;https://www.facebook.com/71339054219/posts/10152221930599220;http://www.lanacion.com.ar/1704240-plaza-roma-renace-el-ombu?utm_source=FB&utm_medium=Parti&utm_campaign=1704240;;URL NULL;
link;71339054219_10152223097309220;https://www.facebook.com/71339054219/posts/10152223097309220;http://www.lanacion.com.ar/1704465-un-mensaje-en-una-prenda-saco-a-la-luz-un-caso-de-explotacion-laboral?utm_source=FB&utm_medium=Parti&utm_campaign=1704465;;URL NULL;
link;71339054219_10152223145589220;https://www.facebook.com/71339054219/posts/10152223145589220;http://canchallena.lanacion.com.ar/1704715-las-bromas-una-costumbre-del-pocho-lavezzi?utm_source=FB-LN&utm_medium=Parti&utm_campaign=1704715;;URL NULL;
link;71339054219_10152223290729220;https://www.facebook.com/71339054219/posts/10152223290729220;http://canchallena.lanacion.com.ar/1704721-sancion-suarez-mundial-brasil-2014?utm_source=FB-LN&utm_medium=Parti&utm_campaign=1704721;;URL NULL;
link;71339054219_10152223478334220;https://www.facebook.com/71339054219/posts/10152223478334220;http://www.lanacion.com.ar/1704747-el-juez-thomas-griesa-rechazo-la-cautelar-solicitada-por-la-argentina?utm_source=FB&utm_medium=Cali&utm_campaign=1704747;;URL NULL;
link;71339054219_10152223684934220;https://www.facebook.com/71339054219/posts/10152223684934220;http://canchallena.lanacion.com.ar/1704711-el-fan-numero-uno-de-lionel-messi-el-arquero-de-nigeria?utm_source=FB-LN&utm_medium=Parti&utm_campaign=1704711;;URL NULL;
link;71339054219_10152223779354220;https://www.facebook.com/71339054219/posts/10152223779354220;http://ir.ln.com.ar/1nIM3Av;;URL NULL;
link;71339054219_10152223785664220;https://www.facebook.com/71339054219/posts/10152223785664220;http://www.lanacion.com.ar/1704759-una-imagen-y-26-maneras-diferentes-de-definir-la-belleza?utm_source=FB&utm_medium=Parti&utm_campaign=1704759;;URL NULL;
link;71339054219_10152225135094220;https://www.facebook.com/71339054219/posts/10152225135094220;http://canchallena.lanacion.com.ar/1704831-drogba-jesica-cirio-y-un-serio-rival-para-lavezzi?utm_source=FB-LN&utm_medium=Parti&utm_campaign=1704831;;URL NULL;
link;71339054219_10152225440189220;https://www.facebook.com/71339054219/posts/10152225440189220;http://canchallena.lanacion.com.ar/1705081-giorgio-chiellini-el-italiano-mordido-la-sancion-a-luis-suarez-es-excesiva?utm_source=FB-LN&utm_medium=Parti&utm_campaign=1705081;;URL NULL;
link;71339054219_10152225523304220;https://www.facebook.com/71339054219/posts/10152225523304220;http://a.ln.com.ar/1o9mVVs;;URL NULL;
link;71339054219_10152225790814220;https://www.facebook.com/71339054219/posts/10152225790814220;http://canchallena.lanacion.com.ar/1704860-a-que-velocidad-corre-angel-di-maria-y-otras-estadisticas-curiosas-de-la-seleccion?utm_source=FB-LN&utm_medium=Parti&utm_campaign=1704860;;URL NULL;
link;71339054219_10152225887184220;https://www.facebook.com/71339054219/posts/10152225887184220;http://www.lanacion.com.ar/1704158-drones-para-pizza-en-rusia-si-para-cajas-de-amazon-no?utm_source=FB&utm_medium=Parti&utm_campaign=1704158;;URL NULL;
link;71339054219_10152225895239220;https://www.facebook.com/71339054219/posts/10152225895239220;http://canchallena.lanacion.com.ar/1704835-los-octavos-de-final-coinciden-con-el-ramadan-y-seis-selecciones-estan-ante-el-dilema-del-ayuno?utm_source=FB-LN&utm_medium=Parti&utm_campaign=1704835;;URL NULL;
link;71339054219_10152225901669220;https://www.facebook.com/71339054219/posts/10152225901669220;http://www.lanacion.com.ar/1704205-berlin-construye-la-primera-iglesia-mezquita-sinagoga?utm_source=FB&utm_medium=Parti&utm_campaign=1704205;;URL NULL;
link;71339054219_10152225907864220;https://www.facebook.com/71339054219/posts/10152225907864220;http://www.lanacion.com.ar/1704508-en-fotos-la-increible-transformacion-de-elsa-rhae-utilizando-solo-maquillaje?utm_source=FB&utm_medium=Parti&utm_campaign=1704508;;URL NULL;
link;71339054219_10152225910684220;https://www.facebook.com/71339054219/posts/10152225910684220;http://www.lanacion.com.ar/1704474-los-impresionantes-edificios-bajo-tierra-en-ciudad-de-mexico?utm_source=FB&utm_medium=Parti&utm_campaign=1704474;;URL NULL;
link;71339054219_10152225916504220;https://www.facebook.com/71339054219/posts/10152225916504220;http://canchallena.lanacion.com.ar/1700634-la-historia-completa-del-pase-de-angel-di-maria-a-rosario-central-por-26-pelotas-de-futbol-cuando-era-un-nino?utm_source=FB-LN&utm_medium=Parti&utm_campaign=1700634;;URL NULL;
link;71339054219_10152225918774220;https://www.facebook.com/71339054219/posts/10152225918774220;http://www.lanacion.com.ar/1704945-el-picoteo-es-una-epidemia-el-70-siente-deseo-de-comer-entre-horas?utm_source=FB&utm_medium=Parti&utm_campaign=1704945;;URL NULL;
link;71339054219_10152225921989220;https://www.facebook.com/71339054219/posts/10152225921989220;http://www.lanacion.com.ar/1705095-primera-guerra-mundial?utm_source=FB&utm_medium=Parti&utm_campaign=1705095;;URL NULL;
link;71339054219_10152225923974220;https://www.facebook.com/71339054219/posts/10152225923974220;http://www.lanacion.com.ar/1704854-paraiso-de-la-clase-media-dinamarca-el-pais-donde-apenas-existe-la-desigualdad?utm_source=FB&utm_medium=Parti&utm_campaign=1704854;;URL NULL;
link;71339054219_10152226405359220;https://www.facebook.com/71339054219/posts/10152226405359220;http://a.ln.com.ar/1qSsWce;;URL NULL;
photo;71339054219_10152227566829220;https://www.facebook.com/71339054219/posts/10152227566829220;http://cll.ln.com.ar/1wVQwFx;;URL NULL;
photo;71339054219_10152227850559220;https://www.facebook.com/71339054219/posts/10152227850559220;http://cll.ln.com.ar/1wWNkte;;URL NULL;
link;71339054219_10152229794749220;https://www.facebook.com/71339054219/posts/10152229794749220;http://canchallena.lanacion.com.ar/1705504-holanda-vs-mexico-octavos-de-final-copa-del-mundo-2014?utm_source=TW&utm_medium=Cali&utm_campaign=1705504;;URL NULL;
link;71339054219_10152230438234220;https://www.facebook.com/71339054219/posts/10152230438234220;http://canchallena.lanacion.com.ar/1705505-costa-rica-vs-grecia-octavos-de-final-copa-del-mundo-2014?utm_source=FB&utm_medium=Cali&utm_campaign=1705505;;URL NULL;
link;71339054219_10153060001854220;https://www.facebook.com/71339054219/posts/10153060001854220;http://www.lanacion.com.ar/1809506-buena-epoca-para-la-carne-de-cerdo?utm_source=FB&utm_medium=Cali&utm_campaign=1809506;;URL NULL;
photo;71339054219_10153099210109220;https://www.facebook.com/71339054219/posts/10153099210109220;http://a.ln.com.ar/1D9nyJA;;URL NULL;
photo;71339054219_10153111077589220;https://www.facebook.com/71339054219/posts/10153111077589220;http://a.ln.com.ar/1KKpAzL;;URL NULL;
photo;71339054219_10153111202204220;https://www.facebook.com/71339054219/posts/10153111202204220;https://www.facebook.com/lanacion/photos/a.10150092000724220.273081.71339054219/10153111202204220/?type=3;;URL NULL;
link;71339054219_10153111966014220;https://www.facebook.com/71339054219/posts/10153111966014220;http://a.ln.com.ar/1IEFImO;;URL NULL;
link;71339054219_10153112421459220;https://www.facebook.com/71339054219/posts/10153112421459220;http://a.ln.com.ar/1IEzfZe;;URL NULL;
photo;71339054219_10153112539184220;https://www.facebook.com/71339054219/posts/10153112539184220;https://www.facebook.com/lanacion/photos/a.10150092000724220.273081.71339054219/10153112539184220/?type=3;;URL NULL;
link;71339054219_10153112542479220;https://www.facebook.com/71339054219/posts/10153112542479220;http://a.ln.com.ar/1OKhckC;;URL NULL;
photo;71339054219_10153112546124220;https://www.facebook.com/71339054219/posts/10153112546124220;https://www.facebook.com/lanacion/photos/a.10150092000724220.273081.71339054219/10153112546124220/?type=3;;URL NULL;
photo;71339054219_10153112546274220;https://www.facebook.com/71339054219/posts/10153112546274220;https://www.facebook.com/lanacion/photos/a.10150092000724220.273081.71339054219/10153112546274220/?type=3;;URL NULL;
link;71339054219_10153112561464220;https://www.facebook.com/71339054219/posts/10153112561464220;http://a.ln.com.ar/1KLy0Xw;;URL NULL;
link;71339054219_10153112604969220;https://www.facebook.com/71339054219/posts/10153112604969220;http://a.ln.com.ar/1KLvLUm;;URL NULL;
link;71339054219_10153112679494220;https://www.facebook.com/71339054219/posts/10153112679494220;http://a.ln.com.ar/1MHjwLs;;URL NULL;
link;71339054219_10153112734214220;https://www.facebook.com/71339054219/posts/10153112734214220;http://a.ln.com.ar/1IGbUGr;;URL NULL;
link;71339054219_10153112744554220;https://www.facebook.com/71339054219/posts/10153112744554220;http://a.ln.com.ar/1MHilvw;;URL NULL;
link;71339054219_10153112780939220;https://www.facebook.com/71339054219/posts/10153112780939220;http://a.ln.com.ar/1MHlhIP;;URL NULL;
link;71339054219_10153112794044220;https://www.facebook.com/71339054219/posts/10153112794044220;http://a.ln.com.ar/1KLUfg1;;URL NULL;
link;71339054219_10153112818944220;https://www.facebook.com/71339054219/posts/10153112818944220;http://a.ln.com.ar/1KLEHZE;;URL NULL;
photo;71339054219_10153112858659220;https://www.facebook.com/71339054219/posts/10153112858659220;http://a.ln.com.ar/1g0z0fO;;URL NULL;
photo;71339054219_10153112865304220;https://www.facebook.com/71339054219/posts/10153112865304220;http://a.ln.com.ar/1MHNXkO;;URL NULL;
photo;71339054219_10153112879909220;https://www.facebook.com/71339054219/posts/10153112879909220;http://a.ln.com.ar/1IeH72b;;URL NULL;
photo;71339054219_10153112881844220;https://www.facebook.com/71339054219/posts/10153112881844220;http://a.ln.com.ar/1N4pEKR;;URL NULL;
photo;71339054219_10153112883394220;https://www.facebook.com/71339054219/posts/10153112883394220;http://a.ln.com.ar/1KM4m4y;;URL NULL;
photo;71339054219_10153112884469220;https://www.facebook.com/71339054219/posts/10153112884469220;http://a.ln.com.ar/1K15H4L;;URL NULL;
photo;71339054219_10153112885879220;https://www.facebook.com/71339054219/posts/10153112885879220;http://a.ln.com.ar/1SVVDyA;;URL NULL;
link;71339054219_10153112889224220;https://www.facebook.com/71339054219/posts/10153112889224220;www.sodimac.com.ar/catalogo;sodimac.com.ar;OTRO MEDIO;
photo;71339054219_10153112904584220;https://www.facebook.com/71339054219/posts/10153112904584220;http://a.ln.com.ar/1KLO5zj;;URL NULL;
photo;71339054219_10153112919109220;https://www.facebook.com/71339054219/posts/10153112919109220;https://www.facebook.com/lanacion/photos/a.10150092000724220.273081.71339054219/10153112919109220/?type=3;;URL NULL;
link;71339054219_10153112925549220;https://www.facebook.com/71339054219/posts/10153112925549220;http://a.ln.com.ar/1OKuDkD;;URL NULL;
link;71339054219_10153112941669220;https://www.facebook.com/71339054219/posts/10153112941669220;http://a.ln.com.ar/1MHFFtk;;URL NULL;
link;71339054219_10153112976124220;https://www.facebook.com/71339054219/posts/10153112976124220;http://a.ln.com.ar/1KLUhVn;;URL NULL;
video;71339054219_10153112992689220;https://www.facebook.com/71339054219/posts/10153112992689220;https://www.facebook.com/lanacion/videos/10153112992689220/;;URL NULL;
link;71339054219_10153113005084220;https://www.facebook.com/71339054219/posts/10153113005084220;http://a.ln.com.ar/1KMaMRl;;URL NULL;
link;71339054219_10153113034514220;https://www.facebook.com/71339054219/posts/10153113034514220;http://a.ln.com.ar/1IGVnlK;;URL NULL;
link;71339054219_10153113065689220;https://www.facebook.com/71339054219/posts/10153113065689220;http://a.ln.com.ar/1KMjqzd;;URL NULL;
link;71339054219_10153113104279220;https://www.facebook.com/71339054219/posts/10153113104279220;http://a.ln.com.ar/1IGOrVP;;URL NULL;
link;71339054219_10153113134899220;https://www.facebook.com/71339054219/posts/10153113134899220;http://a.ln.com.ar/1MHLkiZ;;URL NULL;
link;71339054219_10153113169969220;https://www.facebook.com/71339054219/posts/10153113169969220;http://a.ln.com.ar/1MI32Tz;;URL NULL;
photo;71339054219_10153113224449220;https://www.facebook.com/71339054219/posts/10153113224449220;https://www.facebook.com/lanacion/photos/a.10150092000724220.273081.71339054219/10153113224449220/?type=3;;URL NULL;
link;71339054219_10153113231634220;https://www.facebook.com/71339054219/posts/10153113231634220;http://a.ln.com.ar/1IHlfxT;;URL NULL;
link;71339054219_10153113294419220;https://www.facebook.com/71339054219/posts/10153113294419220;http://a.ln.com.ar/1OL82El;;URL NULL;
video;71339054219_10153113313144220;https://www.facebook.com/71339054219/posts/10153113313144220;https://www.facebook.com/lanacion/videos/10153113313144220/;;URL NULL;
video;71339054219_10153113323124220;https://www.facebook.com/71339054219/posts/10153113323124220;http://bit.ly/1Hr6ji3;www.tuentrada.com;OTRO MEDIO;
link;71339054219_10153113323339220;https://www.facebook.com/71339054219/posts/10153113323339220;http://a.ln.com.ar/1KMFM3z;;URL NULL;
link;71339054219_10153113366244220;https://www.facebook.com/71339054219/posts/10153113366244220;http://a.ln.com.ar/1IHuWwi;;URL NULL;
link;71339054219_10153113437839220;https://www.facebook.com/71339054219/posts/10153113437839220;http://a.ln.com.ar/1IHJsEn;;URL NULL;
photo;71339054219_10153113455259220;https://www.facebook.com/71339054219/posts/10153113455259220;http://a.ln.com.ar/1KMVM5s;;URL NULL;
link;71339054219_10153113499369220;https://www.facebook.com/71339054219/posts/10153113499369220;http://a.ln.com.ar/1MItJYg;;URL NULL;
photo;71339054219_10153113546949220;https://www.facebook.com/71339054219/posts/10153113546949220;http://a.ln.com.ar/1SEoX1G;;URL NULL;
link;71339054219_10153113547919220;https://www.facebook.com/71339054219/posts/10153113547919220;http://a.ln.com.ar/1MIxOeX;;URL NULL;
link;71339054219_10153113604919220;https://www.facebook.com/71339054219/posts/10153113604919220;http://a.ln.com.ar/1IHuAFU;;URL NULL;
link;71339054219_10153113654074220;https://www.facebook.com/71339054219/posts/10153113654074220;http://a.ln.com.ar/1MIsBDT;;URL NULL;
link;71339054219_10153113712594220;https://www.facebook.com/71339054219/posts/10153113712594220;http://a.ln.com.ar/1KMWGit;;URL NULL;
link;71339054219_10153113796874220;https://www.facebook.com/71339054219/posts/10153113796874220;http://a.ln.com.ar/1KNddms;;URL NULL;
link;71339054219_10153113839009220;https://www.facebook.com/71339054219/posts/10153113839009220;http://a.ln.com.ar/1KNejyM;;URL NULL;
photo;71339054219_10153113849104220;https://www.facebook.com/71339054219/posts/10153113849104220;http://a.ln.com.ar/1P1V4D2;;URL NULL;
link;71339054219_10153113891379220;https://www.facebook.com/71339054219/posts/10153113891379220;http://a.ln.com.ar/1KNgKRG;;URL NULL;
photo;71339054219_10153113914999220;https://www.facebook.com/71339054219/posts/10153113914999220;http://a.ln.com.ar/1IIu6PQ;;URL NULL;
link;71339054219_10153113921509220;https://www.facebook.com/71339054219/posts/10153113921509220;http://a.ln.com.ar/1K1cQly;;URL NULL;
link;71339054219_10153113972544220;https://www.facebook.com/71339054219/posts/10153113972544220;http://a.ln.com.ar/1MIKp1y;;URL NULL;
link;71339054219_10153114035429220;https://www.facebook.com/71339054219/posts/10153114035429220;http://a.ln.com.ar/1MISB25;;URL NULL;
link;71339054219_10153114053439220;https://www.facebook.com/71339054219/posts/10153114053439220;http://a.ln.com.ar/1MIQsmY;;URL NULL;
link;71339054219_10153114072719220;https://www.facebook.com/71339054219/posts/10153114072719220;http://a.ln.com.ar/1P2aO90;;URL NULL;
link;71339054219_10153114097939220;https://www.facebook.com/71339054219/posts/10153114097939220;http://a.ln.com.ar/1KMTqqg;;URL NULL;
link;71339054219_10153114126359220;https://www.facebook.com/71339054219/posts/10153114126359220;http://a.ln.com.ar/1eP9tFF;;URL NULL;
link;71339054219_10153114171579220;https://www.facebook.com/71339054219/posts/10153114171579220;http://a.ln.com.ar/1MIR3Vz;;URL NULL;
link;71339054219_10153114203219220;https://www.facebook.com/71339054219/posts/10153114203219220;http://a.ln.com.ar/1P28hM0;;URL NULL;
link;71339054219_10153114223189220;https://www.facebook.com/71339054219/posts/10153114223189220;http://a.ln.com.ar/1eP8XaC;;URL NULL;
link;71339054219_10153114237684220;https://www.facebook.com/71339054219/posts/10153114237684220;http://a.ln.com.ar/1P28GOF;;URL NULL;
link;71339054219_10153114546244220;https://www.facebook.com/71339054219/posts/10153114546244220;http://a.ln.com.ar/1OMQcko;;URL NULL;
photo;71339054219_10153114546394220;https://www.facebook.com/71339054219/posts/10153114546394220;https://www.facebook.com/lanacion/photos/a.10150092000724220.273081.71339054219/10153114546394220/?type=3;;URL NULL;
photo;71339054219_10153114550404220;https://www.facebook.com/71339054219/posts/10153114550404220;https://www.facebook.com/lanacion/photos/a.10150092000724220.273081.71339054219/10153114550404220/?type=3;;URL NULL;
photo;71339054219_10153114551394220;https://www.facebook.com/71339054219/posts/10153114551394220;https://www.facebook.com/lanacion/photos/a.10150092000724220.273081.71339054219/10153114551394220/?type=3;;URL NULL;
photo;71339054219_10153114551849220;https://www.facebook.com/71339054219/posts/10153114551849220;https://www.facebook.com/lanacion/photos/a.10150092000724220.273081.71339054219/10153114551849220/?type=3;;URL NULL;
video;71339054219_10153114559909220;https://www.facebook.com/71339054219/posts/10153114559909220;https://www.facebook.com/lanacion/videos/10153114559909220/;;URL NULL;
link;71339054219_10153114566704220;https://www.facebook.com/71339054219/posts/10153114566704220;http://a.ln.com.ar/1OMRWu0;;URL NULL;
link;71339054219_10153114606164220;https://www.facebook.com/71339054219/posts/10153114606164220;http://a.ln.com.ar/1OMS6S4;;URL NULL;
link;71339054219_10153114687434220;https://www.facebook.com/71339054219/posts/10153114687434220;http://a.ln.com.ar/1KNGXT4;;URL NULL;
link;71339054219_10153114725574220;https://www.facebook.com/71339054219/posts/10153114725574220;http://a.ln.com.ar/1g3QQyx;;URL NULL;
link;71339054219_10153114775339220;https://www.facebook.com/71339054219/posts/10153114775339220;http://a.ln.com.ar/1OMPPX3;;URL NULL;
link;71339054219_10153114784874220;https://www.facebook.com/71339054219/posts/10153114784874220;http://a.ln.com.ar/1OMQnMx;;URL NULL;
link;71339054219_10153114881329220;https://www.facebook.com/71339054219/posts/10153114881329220;http://a.ln.com.ar/1g4Aaah;;URL NULL;
photo;71339054219_10153114885424220;https://www.facebook.com/71339054219/posts/10153114885424220;http://a.ln.com.ar/1M2NO9Y;;URL NULL;
photo;71339054219_10153114887164220;https://www.facebook.com/71339054219/posts/10153114887164220;http://a.ln.com.ar/1IVMlTY;;URL NULL;
photo;71339054219_10153114888219220;https://www.facebook.com/71339054219/posts/10153114888219220;http://a.ln.com.ar/1MJZwYA;;URL NULL;
photo;71339054219_10153114889919220;https://www.facebook.com/71339054219/posts/10153114889919220;http://a.ln.com.ar/1MJZwYA;;URL NULL;
photo;71339054219_10153114892544220;https://www.facebook.com/71339054219/posts/10153114892544220;http://a.ln.com.ar/1P3J7Nc;;URL NULL;
photo;71339054219_10153114918504220;https://www.facebook.com/71339054219/posts/10153114918504220;http://a.ln.com.ar/1DneuRA;;URL NULL;
link;71339054219_10153114931139220;https://www.facebook.com/71339054219/posts/10153114931139220;http://a.ln.com.ar/1OMZtJ7;;URL NULL;
link;71339054219_10153114993609220;https://www.facebook.com/71339054219/posts/10153114993609220;http://a.ln.com.ar/1g4LzXB;;URL NULL;
link;71339054219_10153115043859220;https://www.facebook.com/71339054219/posts/10153115043859220;http://a.ln.com.ar/1gHt1NX;;URL NULL;
photo;71339054219_10153115067734220;https://www.facebook.com/71339054219/posts/10153115067734220;http://a.ln.com.ar/1T01tik;;URL NULL;
link;71339054219_10153115076119220;https://www.facebook.com/71339054219/posts/10153115076119220;http://a.ln.com.ar/1ONnqA6;;URL NULL;
link;71339054219_10153115080044220;https://www.facebook.com/71339054219/posts/10153115080044220;http://a.ln.com.ar/1KOaOeg;;URL NULL;
link;71339054219_10153115099169220;https://www.facebook.com/71339054219/posts/10153115099169220;http://a.ln.com.ar/1gHyLqU;;URL NULL;
link;71339054219_10153115188189220;https://www.facebook.com/71339054219/posts/10153115188189220;http://a.ln.com.ar/1KOdGrk;;URL NULL;
link;71339054219_10153115206454220;https://www.facebook.com/71339054219/posts/10153115206454220;http://a.ln.com.ar/1gHFalY;;URL NULL;
photo;71339054219_10153115243454220;https://www.facebook.com/71339054219/posts/10153115243454220;http://a.ln.com.ar/1KOngdR;;URL NULL;
photo;71339054219_10153115268224220;https://www.facebook.com/71339054219/posts/10153115268224220;https://www.facebook.com/lanacion/photos/a.10150092000724220.273081.71339054219/10153115268224220/?type=3;;URL NULL;
link;71339054219_10153115282469220;https://www.facebook.com/71339054219/posts/10153115282469220;http://a.ln.com.ar/1g4J73k;;URL NULL;
link;71339054219_10153115309074220;https://www.facebook.com/71339054219/posts/10153115309074220;http://a.ln.com.ar/1KOgXqG;;URL NULL;
photo;71339054219_10153115366679220;https://www.facebook.com/71339054219/posts/10153115366679220;https://www.facebook.com/lanacion/photos/a.10150092000724220.273081.71339054219/10153115366679220/?type=3;;URL NULL;
link;71339054219_10153115396649220;https://www.facebook.com/71339054219/posts/10153115396649220;http://blogs.lanacion.com.ar/archivoscopio/archivoscopio/el-arquero-que-escucho-y-no-vio-un-penal/?utm_source=FB-blog&utm_medium=Cali&utm_campaign=archivoscopio;;URL NULL;
photo;71339054219_10153115401184220;https://www.facebook.com/71339054219/posts/10153115401184220;http://a.ln.com.ar/1KOR2MK;;URL NULL;
link;71339054219_10153115404999220;https://www.facebook.com/71339054219/posts/10153115404999220;http://a.ln.com.ar/1KOrzG1;;URL NULL;
photo;71339054219_10153115464034220;https://www.facebook.com/71339054219/posts/10153115464034220;http://a.ln.com.ar/1KOFFr4;;URL NULL;
link;71339054219_10153115495469220;https://www.facebook.com/71339054219/posts/10153115495469220;http://a.ln.com.ar/1ONX6WD;;URL NULL;
photo;71339054219_10153115567119220;https://www.facebook.com/71339054219/posts/10153115567119220;http://a.ln.com.ar/1UjmIOP;;URL NULL;
link;71339054219_10153115577249220;https://www.facebook.com/71339054219/posts/10153115577249220;http://a.ln.com.ar/1ONXxAe;;URL NULL;
link;71339054219_10153115603369220;https://www.facebook.com/71339054219/posts/10153115603369220;http://a.ln.com.ar/1g5Baeh;;URL NULL;
photo;71339054219_10153115604249220;https://www.facebook.com/71339054219/posts/10153115604249220;http://a.ln.com.ar/1IWojIo;;URL NULL;
photo;71339054219_10153115633514220;https://www.facebook.com/71339054219/posts/10153115633514220;http://a.ln.com.ar/1g61J2W;;URL NULL;
link;71339054219_10153115658039220;https://www.facebook.com/71339054219/posts/10153115658039220;http://a.ln.com.ar/1KOVfTv;;URL NULL;
link;71339054219_10153115688869220;https://www.facebook.com/71339054219/posts/10153115688869220;http://a.ln.com.ar/1KOHu7r;;URL NULL;
link;71339054219_10153115753144220;https://www.facebook.com/71339054219/posts/10153115753144220;http://a.ln.com.ar/1g6025t;;URL NULL;
link;71339054219_10153115787674220;https://www.facebook.com/71339054219/posts/10153115787674220;http://a.ln.com.ar/1KOVeyT;;URL NULL;
photo;71339054219_10153115788974220;https://www.facebook.com/71339054219/posts/10153115788974220;https://www.facebook.com/lanacion/photos/a.10150092000724220.273081.71339054219/10153115788974220/?type=3;;URL NULL;
link;71339054219_10153115844789220;https://www.facebook.com/71339054219/posts/10153115844789220;http://a.ln.com.ar/1OOoC6o;;URL NULL;
link;71339054219_10153115870184220;https://www.facebook.com/71339054219/posts/10153115870184220;http://a.ln.com.ar/1g5S8Jq;;URL NULL;
link;71339054219_10153115921909220;https://www.facebook.com/71339054219/posts/10153115921909220;http://a.ln.com.ar/1KOlLwi;;URL NULL;
link;71339054219_10153115948734220;https://www.facebook.com/71339054219/posts/10153115948734220;http://a.ln.com.ar/1g4Vqg1;;URL NULL;
photo;71339054219_10153115972009220;https://www.facebook.com/71339054219/posts/10153115972009220;http://a.ln.com.ar/1Um5EHU;;URL NULL;
link;71339054219_10153116004954220;https://www.facebook.com/71339054219/posts/10153116004954220;http://a.ln.com.ar/1gIS0jP;;URL NULL;
link;71339054219_10153116033859220;https://www.facebook.com/71339054219/posts/10153116033859220;http://a.ln.com.ar/1g6zzVq;;URL NULL;
link;71339054219_10153116098134220;https://www.facebook.com/71339054219/posts/10153116098134220;http://a.ln.com.ar/1KOjC3H;;URL NULL;
link;71339054219_10153116132474220;https://www.facebook.com/71339054219/posts/10153116132474220;http://a.ln.com.ar/1N8T2zB;;URL NULL;
link;71339054219_10153116219099220;https://www.facebook.com/71339054219/posts/10153116219099220;http://a.ln.com.ar/1W0rHG3;;URL NULL;
link;71339054219_10153116246264220;https://www.facebook.com/71339054219/posts/10153116246264220;http://a.ln.com.ar/1gISzKE;;URL NULL;
link;71339054219_10153116342324220;https://www.facebook.com/71339054219/posts/10153116342324220;http://a.ln.com.ar/1N8V4jr;;URL NULL;
link;71339054219_10153116368274220;https://www.facebook.com/71339054219/posts/10153116368274220;http://a.ln.com.ar/1ONEoys;;URL NULL;
link;71339054219_10153116417954220;https://www.facebook.com/71339054219/posts/10153116417954220;http://a.ln.com.ar/1W0tjzz;;URL NULL;
link;71339054219_10153116434999220;https://www.facebook.com/71339054219/posts/10153116434999220;http://a.ln.com.ar/1KPgzW5;;URL NULL;
link;71339054219_10153116469339220;https://www.facebook.com/71339054219/posts/10153116469339220;http://a.ln.com.ar/1gIWCqh;;URL NULL;
link;71339054219_10153116486779220;https://www.facebook.com/71339054219/posts/10153116486779220;http://a.ln.com.ar/1gIYAHh;;URL NULL;
link;71339054219_10153116501594220;https://www.facebook.com/71339054219/posts/10153116501594220;http://a.ln.com.ar/1KPjDl9;;URL NULL;
link;71339054219_10153116523859220;https://www.facebook.com/71339054219/posts/10153116523859220;http://a.ln.com.ar/1gJ1cou;;URL NULL;
link;71339054219_10153116540509220;https://www.facebook.com/71339054219/posts/10153116540509220;http://a.ln.com.ar/1UmdCRk;;URL NULL;
link;71339054219_10153116585924220;https://www.facebook.com/71339054219/posts/10153116585924220;http://a.ln.com.ar/1W0tpao;;URL NULL;
link;71339054219_10153116662564220;https://www.facebook.com/71339054219/posts/10153116662564220;http://a.ln.com.ar/1Ip1FCM;;URL NULL;
photo;71339054219_10153116672964220;https://www.facebook.com/71339054219/posts/10153116672964220;https://www.facebook.com/lanacion/photos/a.10150092000724220.273081.71339054219/10153116672964220/?type=3;;URL NULL;
photo;71339054219_10153116673394220;https://www.facebook.com/71339054219/posts/10153116673394220;https://www.facebook.com/lanacion/photos/a.10150092000724220.273081.71339054219/10153116673394220/?type=3;;URL NULL;
photo;71339054219_10153116674049220;https://www.facebook.com/71339054219/posts/10153116674049220;https://www.facebook.com/lanacion/photos/a.10150092000724220.273081.71339054219/10153116674049220/?type=3;;URL NULL;
link;71339054219_10153116702429220;https://www.facebook.com/71339054219/posts/10153116702429220;http://a.ln.com.ar/1Ip2eg4;;URL NULL;
link;71339054219_10153116753894220;https://www.facebook.com/71339054219/posts/10153116753894220;http://a.ln.com.ar/1eSz8wZ;;URL NULL;
link;71339054219_10153116852779220;https://www.facebook.com/71339054219/posts/10153116852779220;http://a.ln.com.ar/1hj38Ei;;URL NULL;
link;71339054219_10153116913939220;https://www.facebook.com/71339054219/posts/10153116913939220;http://a.ln.com.ar/1hj3KJW;;URL NULL;
link;71339054219_10153116939064220;https://www.facebook.com/71339054219/posts/10153116939064220;http://a.ln.com.ar/1hj2Kp8;;URL NULL;
link;71339054219_10153116955724220;https://www.facebook.com/71339054219/posts/10153116955724220;http://a.ln.com.ar/1IWXlk0;;URL NULL;
link;71339054219_10153116969924220;https://www.facebook.com/71339054219/posts/10153116969924220;http://a.ln.com.ar/1eStFWU;;URL NULL;
photo;71339054219_10153116973374220;https://www.facebook.com/71339054219/posts/10153116973374220;http://a.ln.com.ar/1IH7Npb;;URL NULL;
photo;71339054219_10153116975739220;https://www.facebook.com/71339054219/posts/10153116975739220;http://a.ln.com.ar/1IH7Tx6;;URL NULL;
photo;71339054219_10153116993854220;https://www.facebook.com/71339054219/posts/10153116993854220;http://a.ln.com.ar/1E84MNL;;URL NULL;
photo;71339054219_10153117011694220;https://www.facebook.com/71339054219/posts/10153117011694220;http://a.ln.com.ar/1M4TCjl;;URL NULL;
photo;71339054219_10153117025449220;https://www.facebook.com/71339054219/posts/10153117025449220;http://a.ln.com.ar/1KQAcx4;;URL NULL;
link;71339054219_10153117029059220;https://www.facebook.com/71339054219/posts/10153117029059220;http://a.ln.com.ar/1IXdExh;;URL NULL;
photo;71339054219_10153117101249220;https://www.facebook.com/71339054219/posts/10153117101249220;http://a.ln.com.ar/1Na5wXH;;URL NULL;
photo;71339054219_10153117102719220;https://www.facebook.com/71339054219/posts/10153117102719220;http://a.ln.com.ar/1SOf2qv;;URL NULL;
link;71339054219_10153117104234220;https://www.facebook.com/71339054219/posts/10153117104234220;http://a.ln.com.ar/1Ip7j7W;;URL NULL;
photo;71339054219_10153117104349220;https://www.facebook.com/71339054219/posts/10153117104349220;http://a.ln.com.ar/1SOfjK9;;URL NULL;
photo;71339054219_10153117106179220;https://www.facebook.com/71339054219/posts/10153117106179220;http://a.ln.com.ar/1SOfEwg;;URL NULL;
photo;71339054219_10153117109059220;https://www.facebook.com/71339054219/posts/10153117109059220;http://a.ln.com.ar/1JM2QAI;;URL NULL;
photo;71339054219_10153117109739220;https://www.facebook.com/71339054219/posts/10153117109739220;http://a.ln.com.ar/1P6rqN3;;URL NULL;
photo;71339054219_10153117114109220;https://www.facebook.com/71339054219/posts/10153117114109220;http://a.ln.com.ar/1Dq5o6z;;URL NULL;
photo;71339054219_10153117117484220;https://www.facebook.com/71339054219/posts/10153117117484220;http://a.ln.com.ar/1T3nWeA;;URL NULL;
photo;71339054219_10153117128344220;https://www.facebook.com/71339054219/posts/10153117128344220;https://www.facebook.com/lanacion/photos/a.10150092000724220.273081.71339054219/10153117128344220/?type=3;;URL NULL;
link;71339054219_10153117154094220;https://www.facebook.com/71339054219/posts/10153117154094220;http://a.ln.com.ar/1eSWqD5;;URL NULL;
link;71339054219_10153117205439220;https://www.facebook.com/71339054219/posts/10153117205439220;http://a.ln.com.ar/1hjmqt7;;URL NULL;
link;71339054219_10153117249004220;https://www.facebook.com/71339054219/posts/10153117249004220;http://a.ln.com.ar/1Ipxmfx;;URL NULL;
photo;71339054219_10153117307769220;https://www.facebook.com/71339054219/posts/10153117307769220;http://a.ln.com.ar/1OQLt1a;;URL NULL;
link;71339054219_10153117327279220;https://www.facebook.com/71339054219/posts/10153117327279220;http://a.ln.com.ar/1hjgNuT;;URL NULL;
photo;71339054219_10153117331854220;https://www.facebook.com/71339054219/posts/10153117331854220;http://a.ln.com.ar/1OQLt1a;;URL NULL;
photo;71339054219_10153117332414220;https://www.facebook.com/71339054219/posts/10153117332414220;http://a.ln.com.ar/1OQLt1a;;URL NULL;
link;71339054219_10153117367644220;https://www.facebook.com/71339054219/posts/10153117367644220;http://a.ln.com.ar/1eTi9L6;;URL NULL;
link;71339054219_10153117422634220;https://www.facebook.com/71339054219/posts/10153117422634220;http://a.ln.com.ar/1IXsMuv;;URL NULL;
link;71339054219_10153117498069220;https://www.facebook.com/71339054219/posts/10153117498069220;http://a.ln.com.ar/1IpSTok;;URL NULL;
link;71339054219_10153117512719220;https://www.facebook.com/71339054219/posts/10153117512719220;http://a.ln.com.ar/1IXn5MV;;URL NULL;
link;71339054219_10153117601619220;https://www.facebook.com/71339054219/posts/10153117601619220;http://a.ln.com.ar/1IXGBsO;;URL NULL;
link;71339054219_10153117664449220;https://www.facebook.com/71339054219/posts/10153117664449220;http://a.ln.com.ar/1MPv6n1;;URL NULL;
link;71339054219_10153117713424220;https://www.facebook.com/71339054219/posts/10153117713424220;http://a.ln.com.ar/1Iq4GD4;;URL NULL;
photo;71339054219_10153117796409220;https://www.facebook.com/71339054219/posts/10153117796409220;https://www.facebook.com/lanacion/photos/a.10150092000724220.273081.71339054219/10153117796409220/?type=3;;URL NULL;
photo;71339054219_10153117797549220;https://www.facebook.com/71339054219/posts/10153117797549220;https://www.facebook.com/lanacion/photos/a.10150092000724220.273081.71339054219/10153117797549220/?type=3;;URL NULL;
photo;71339054219_10153117798679220;https://www.facebook.com/71339054219/posts/10153117798679220;https://www.facebook.com/lanacion/photos/a.10150092000724220.273081.71339054219/10153117798679220/?type=3;;URL NULL;
photo;71339054219_10153117799754220;https://www.facebook.com/71339054219/posts/10153117799754220;https://www.facebook.com/lanacion/photos/a.10150092000724220.273081.71339054219/10153117799754220/?type=3;;URL NULL;
link;71339054219_10153117801699220;https://www.facebook.com/71339054219/posts/10153117801699220;http://a.ln.com.ar/1IptQS5;;URL NULL;
link;71339054219_10153117928294220;https://www.facebook.com/71339054219/posts/10153117928294220;http://a.ln.com.ar/1gKKKnO;;URL NULL;
link;71339054219_10153118014799220;https://www.facebook.com/71339054219/posts/10153118014799220;http://a.ln.com.ar/1Iq8nZf;;URL NULL;
link;71339054219_10153118071114220;https://www.facebook.com/71339054219/posts/10153118071114220;http://a.ln.com.ar/1MPEqr7;;URL NULL;
link;71339054219_10153118133544220;https://www.facebook.com/71339054219/posts/10153118133544220;http://a.ln.com.ar/1MQ6Zon;;URL NULL;
link;71339054219_10153118201894220;https://www.facebook.com/71339054219/posts/10153118201894220;http://a.ln.com.ar/1eTCL5K;;URL NULL;
link;71339054219_10153118247089220;https://www.facebook.com/71339054219/posts/10153118247089220;http://a.ln.com.ar/1Iqw8R6;;URL NULL;
link;71339054219_10153118284339220;https://www.facebook.com/71339054219/posts/10153118284339220;http://a.ln.com.ar/1ImjS6g;;URL NULL;
link;71339054219_10153118310634220;https://www.facebook.com/71339054219/posts/10153118310634220;http://a.ln.com.ar/1gKPiKW;;URL NULL;
link;71339054219_10153118379414220;https://www.facebook.com/71339054219/posts/10153118379414220;http://a.ln.com.ar/1gKWp5T;;URL NULL;
link;71339054219_10153118403529220;https://www.facebook.com/71339054219/posts/10153118403529220;http://a.ln.com.ar/1Iqwpn4;;URL NULL;
photo;71339054219_10153118462284220;https://www.facebook.com/71339054219/posts/10153118462284220;http://a.ln.com.ar/1gbq5by;;URL NULL;
link;71339054219_10153118514594220;https://www.facebook.com/71339054219/posts/10153118514594220;http://a.ln.com.ar/1MQFlr4;;URL NULL;
link;71339054219_10153118538549220;https://www.facebook.com/71339054219/posts/10153118538549220;http://a.ln.com.ar/1eU4bbZ;;URL NULL;
link;71339054219_10153118650254220;https://www.facebook.com/71339054219/posts/10153118650254220;http://a.ln.com.ar/1IqhBF2;;URL NULL;
link;71339054219_10153118677939220;https://www.facebook.com/71339054219/posts/10153118677939220;http://a.ln.com.ar/1JNdCqq;;URL NULL;
link;71339054219_10153118739959220;https://www.facebook.com/71339054219/posts/10153118739959220;http://a.ln.com.ar/1gKRy4L;;URL NULL;
link;71339054219_10153118778244220;https://www.facebook.com/71339054219/posts/10153118778244220;http://a.ln.com.ar/1JNe2gq;;URL NULL;
photo;71339054219_10153119169264220;https://www.facebook.com/71339054219/posts/10153119169264220;https://www.facebook.com/lanacion/photos/a.10150092000724220.273081.71339054219/10153119169264220/?type=3;;URL NULL;
photo;71339054219_10153119169579220;https://www.facebook.com/71339054219/posts/10153119169579220;https://www.facebook.com/lanacion/photos/a.10150092000724220.273081.71339054219/10153119169579220/?type=3;;URL NULL;
photo;71339054219_10153119169864220;https://www.facebook.com/71339054219/posts/10153119169864220;https://www.facebook.com/lanacion/photos/a.10150092000724220.273081.71339054219/10153119169864220/?type=3;;URL NULL;
link;71339054219_10153119176454220;https://www.facebook.com/71339054219/posts/10153119176454220;http://a.ln.com.ar/1P7ZwAf;;URL NULL;
link;71339054219_10153119246624220;https://www.facebook.com/71339054219/posts/10153119246624220;http://a.ln.com.ar/1MRAk1F;;URL NULL;
link;71339054219_10153119269264220;https://www.facebook.com/71339054219/posts/10153119269264220;http://a.ln.com.ar/1MRyTQM;;URL NULL;
link;71339054219_10153119321629220;https://www.facebook.com/71339054219/posts/10153119321629220;http://a.ln.com.ar/1P86zc5;;URL NULL;
link;71339054219_10153119376434220;https://www.facebook.com/71339054219/posts/10153119376434220;http://a.ln.com.ar/1P8a4PM;;URL NULL;
link;71339054219_10153119399004220;https://www.facebook.com/71339054219/posts/10153119399004220;http://a.ln.com.ar/1InIgo3;;URL NULL;
link;71339054219_10153119460274220;https://www.facebook.com/71339054219/posts/10153119460274220;http://a.ln.com.ar/1JNHDXc;;URL NULL;
link;71339054219_10153119544844220;https://www.facebook.com/71339054219/posts/10153119544844220;http://a.ln.com.ar/1InTb16;;URL NULL;
photo;71339054219_10153119605539220;https://www.facebook.com/71339054219/posts/10153119605539220;http://a.ln.com.ar/1hli6cP;;URL NULL;
photo;71339054219_10153119609989220;https://www.facebook.com/71339054219/posts/10153119609989220;http://a.ln.com.ar/1OT9S6b;;URL NULL;
link;71339054219_10153119617889220;https://www.facebook.com/71339054219/posts/10153119617889220;http://a.ln.com.ar/1MRB4nk;;URL NULL;
photo;71339054219_10153119621089220;https://www.facebook.com/71339054219/posts/10153119621089220;http://a.ln.com.ar/1IZ6EQd;;URL NULL;
link;71339054219_10153119694434220;https://www.facebook.com/71339054219/posts/10153119694434220;http://a.ln.com.ar/1P88Bcj;;URL NULL;
link;71339054219_10153119753494220;https://www.facebook.com/71339054219/posts/10153119753494220;http://a.ln.com.ar/1P8oVJW;;URL NULL;
link;71339054219_10153119779534220;https://www.facebook.com/71339054219/posts/10153119779534220;http://a.ln.com.ar/1IofBPS;;URL NULL;
photo;71339054219_10153119796434220;https://www.facebook.com/71339054219/posts/10153119796434220;http://a.ln.com.ar/1T7qWqq;;URL NULL;
photo;71339054219_10153119798559220;https://www.facebook.com/71339054219/posts/10153119798559220;http://a.ln.com.ar/1gehK6P;;URL NULL;
link;71339054219_10153119810384220;https://www.facebook.com/71339054219/posts/10153119810384220;http://a.ln.com.ar/1P8CFV7;;URL NULL;
photo;71339054219_10153119857514220;https://www.facebook.com/71339054219/posts/10153119857514220;http://a.ln.com.ar/1UqxYZF;;URL NULL;
photo;71339054219_10153119871114220;https://www.facebook.com/71339054219/posts/10153119871114220;http://a.ln.com.ar/1IKv89C;;URL NULL;
photo;71339054219_10153119874569220;https://www.facebook.com/71339054219/posts/10153119874569220;http://a.ln.com.ar/1IKv89C;;URL NULL;
photo;71339054219_10153119900574220;https://www.facebook.com/71339054219/posts/10153119900574220;http://a.ln.com.ar/1IKv89C;;URL NULL;
photo;71339054219_10153119920179220;https://www.facebook.com/71339054219/posts/10153119920179220;http://a.ln.com.ar/1K5pArk;;URL NULL;
photo;71339054219_10153119921889220;https://www.facebook.com/71339054219/posts/10153119921889220;http://a.ln.com.ar/1IKvFZc;;URL NULL;
photo;71339054219_10153119922679220;https://www.facebook.com/71339054219/posts/10153119922679220;http://a.ln.com.ar/1M8b0Uk;;URL NULL;
link;71339054219_10153119951034220;https://www.facebook.com/71339054219/posts/10153119951034220;http://a.ln.com.ar/1P8FpSk;;URL NULL;
link;71339054219_10153119968264220;https://www.facebook.com/71339054219/posts/10153119968264220;http://a.ln.com.ar/1P8k4IO;;URL NULL;
link;71339054219_10153119974359220;https://www.facebook.com/71339054219/posts/10153119974359220;http://a.ln.com.ar/1Ion0yr;;URL NULL;
link;71339054219_10153120051869220;https://www.facebook.com/71339054219/posts/10153120051869220;http://a.ln.com.ar/1Io2Bty;;URL NULL;
link;71339054219_10153120183099220;https://www.facebook.com/71339054219/posts/10153120183099220;http://a.ln.com.ar/1IomoZQ;;URL NULL;
link;71339054219_10153120379764220;https://www.facebook.com/71339054219/posts/10153120379764220;http://a.ln.com.ar/1MSxxoW;;URL NULL;
link;71339054219_10153120403619220;https://www.facebook.com/71339054219/posts/10153120403619220;http://a.ln.com.ar/1JOButS;;URL NULL;
link;71339054219_10153120530289220;https://www.facebook.com/71339054219/posts/10153120530289220;http://a.ln.com.ar/1IovmpM;;URL NULL;
link;71339054219_10153120558639220;https://www.facebook.com/71339054219/posts/10153120558639220;http://a.ln.com.ar/1P8Nre2;;URL NULL;
photo;71339054219_10153120614929220;https://www.facebook.com/71339054219/posts/10153120614929220;http://a.ln.com.ar/1KTWvVj;;URL NULL;
link;71339054219_10153120649779220;https://www.facebook.com/71339054219/posts/10153120649779220;http://a.ln.com.ar/1P8SR8I;;URL NULL;
link;71339054219_10153120668819220;https://www.facebook.com/71339054219/posts/10153120668819220;http://a.ln.com.ar/1P9a0PM;;URL NULL;
link;71339054219_10153120747729220;https://www.facebook.com/71339054219/posts/10153120747729220;http://a.ln.com.ar/1MSS9gJ;;URL NULL;
link;71339054219_10153120781204220;https://www.facebook.com/71339054219/posts/10153120781204220;http://a.ln.com.ar/1MTIiao;;URL NULL;
photo;71339054219_10153120798344220;https://www.facebook.com/71339054219/posts/10153120798344220;http://a.ln.com.ar/1W4tIRm;;URL NULL;
link;71339054219_10153120845414220;https://www.facebook.com/71339054219/posts/10153120845414220;http://a.ln.com.ar/1MTJ3Ap;;URL NULL;
link;71339054219_10153120875509220;https://www.facebook.com/71339054219/posts/10153120875509220;http://a.ln.com.ar/1MTzhyh;;URL NULL;
photo;71339054219_10153120897844220;https://www.facebook.com/71339054219/posts/10153120897844220;https://www.facebook.com/lanacion/photos/a.10150092000724220.273081.71339054219/10153120897844220/?type=3;;URL NULL;
link;71339054219_10153120944924220;https://www.facebook.com/71339054219/posts/10153120944924220;http://a.ln.com.ar/1JOpqsy;;URL NULL;
link;71339054219_10153120976924220;https://www.facebook.com/71339054219/posts/10153120976924220;http://a.ln.com.ar/1IpgOq2;;URL NULL;
link;71339054219_10153121026764220;https://www.facebook.com/71339054219/posts/10153121026764220;http://a.ln.com.ar/1P9mbfn;;URL NULL;
link;71339054219_10153121043109220;https://www.facebook.com/71339054219/posts/10153121043109220;http://a.ln.com.ar/1P9uqIm;;URL NULL;
link;71339054219_10153121057094220;https://www.facebook.com/71339054219/posts/10153121057094220;http://a.ln.com.ar/1ImDB5V;;URL NULL;
link;71339054219_10153121177814220;https://www.facebook.com/71339054219/posts/10153121177814220;http://a.ln.com.ar/1IoVkJK;;URL NULL;
link;71339054219_10153121202254220;https://www.facebook.com/71339054219/posts/10153121202254220;http://a.ln.com.ar/1JNemfo;;URL NULL;
link;71339054219_10153121289949220;https://www.facebook.com/71339054219/posts/10153121289949220;http://a.ln.com.ar/1IprepN;;URL NULL;
link;71339054219_10153121322729220;https://www.facebook.com/71339054219/posts/10153121322729220;http://a.ln.com.ar/1MTyXPT;;URL NULL;
link;71339054219_10153121370094220;https://www.facebook.com/71339054219/posts/10153121370094220;http://a.ln.com.ar/1KUm6xq;;URL NULL;
link;71339054219_10153121390379220;https://www.facebook.com/71339054219/posts/10153121390379220;http://a.ln.com.ar/1P7wQam;;URL NULL;
link;71339054219_10153121443254220;https://www.facebook.com/71339054219/posts/10153121443254220;http://a.ln.com.ar/1KUlQi2;;URL NULL;
link;71339054219_10153121462794220;https://www.facebook.com/71339054219/posts/10153121462794220;http://a.ln.com.ar/1JOUB74;;URL NULL;
link;71339054219_10153121495234220;https://www.facebook.com/71339054219/posts/10153121495234220;http://a.ln.com.ar/1MTSOOR;;URL NULL;
link;71339054219_10153121603419220;https://www.facebook.com/71339054219/posts/10153121603419220;http://a.ln.com.ar/1DxV0JI;;URL NULL;
link;71339054219_10153121624664220;https://www.facebook.com/71339054219/posts/10153121624664220;http://a.ln.com.ar/1P9v2Ok;;URL NULL;
link;71339054219_10153121644114220;https://www.facebook.com/71339054219/posts/10153121644114220;http://a.ln.com.ar/1Ipu51G;;URL NULL;
photo;71339054219_10153121711564220;https://www.facebook.com/71339054219/posts/10153121711564220;https://www.facebook.com/lanacion/photos/a.10150092000724220.273081.71339054219/10153121711564220/?type=3;;URL NULL;
photo;71339054219_10153121712124220;https://www.facebook.com/71339054219/posts/10153121712124220;https://www.facebook.com/lanacion/photos/a.10150092000724220.273081.71339054219/10153121712124220/?type=3;;URL NULL;
photo;71339054219_10153121712419220;https://www.facebook.com/71339054219/posts/10153121712419220;https://www.facebook.com/lanacion/photos/a.10150092000724220.273081.71339054219/10153121712419220/?type=3;;URL NULL;
photo;71339054219_10153121712804220;https://www.facebook.com/71339054219/posts/10153121712804220;https://www.facebook.com/lanacion/photos/a.10150092000724220.273081.71339054219/10153121712804220/?type=3;;URL NULL;
link;71339054219_10153121716259220;https://www.facebook.com/71339054219/posts/10153121716259220;http://a.ln.com.ar/1M9UWBD;;URL NULL;
link;71339054219_10153121753809220;https://www.facebook.com/71339054219/posts/10153121753809220;http://a.ln.com.ar/1K6Y0d4;;URL NULL;
link;71339054219_10153121781549220;https://www.facebook.com/71339054219/posts/10153121781549220;http://a.ln.com.ar/1Pamp5S;;URL NULL;
link;71339054219_10153121853444220;https://www.facebook.com/71339054219/posts/10153121853444220;http://a.ln.com.ar/1K712Oy;;URL NULL;
link;71339054219_10153121932169220;https://www.facebook.com/71339054219/posts/10153121932169220;http://a.ln.com.ar/1M9WefS;;URL NULL;
link;71339054219_10153121941699220;https://www.facebook.com/71339054219/posts/10153121941699220;http://a.ln.com.ar/1K6VjZg;;URL NULL;
link;71339054219_10153121972414220;https://www.facebook.com/71339054219/posts/10153121972414220;http://a.ln.com.ar/1KVsAwb;;URL NULL;
photo;71339054219_10153122021199220;https://www.facebook.com/71339054219/posts/10153122021199220;http://a.ln.com.ar/1IvxFFt;;URL NULL;
link;71339054219_10153122022939220;https://www.facebook.com/71339054219/posts/10153122022939220;http://a.ln.com.ar/1KVt5WY;;URL NULL;
photo;71339054219_10153122143354220;https://www.facebook.com/71339054219/posts/10153122143354220;http://a.ln.com.ar/1Mf3KHT;;URL NULL;
link;71339054219_10153122165249220;https://www.facebook.com/71339054219/posts/10153122165249220;http://a.ln.com.ar/1MagQoc;;URL NULL;
photo;71339054219_10153122176624220;https://www.facebook.com/71339054219/posts/10153122176624220;http://a.ln.com.ar/1Mf3KHT;;URL NULL;
link;71339054219_10153122178214220;https://www.facebook.com/71339054219/posts/10153122178214220;http://a.ln.com.ar/1K75xZr;;URL NULL;
photo;71339054219_10153122179744220;https://www.facebook.com/71339054219/posts/10153122179744220;http://a.ln.com.ar/1Mf3KHT;;URL NULL;
photo;71339054219_10153122188674220;https://www.facebook.com/71339054219/posts/10153122188674220;http://a.ln.com.ar/1PaXX4o;;URL NULL;
link;71339054219_10153122210634220;https://www.facebook.com/71339054219/posts/10153122210634220;http://a.ln.com.ar/1MajgTK;;URL NULL;
photo;71339054219_10153122226639220;https://www.facebook.com/71339054219/posts/10153122226639220;http://a.ln.com.ar/1MVTzXP;;URL NULL;
video;71339054219_10153122242574220;https://www.facebook.com/71339054219/posts/10153122242574220;https://www.facebook.com/lanacion/videos/10153122242574220/;;URL NULL;
link;71339054219_10153122259844220;https://www.facebook.com/71339054219/posts/10153122259844220;http://a.ln.com.ar/1PaMEcH;;URL NULL;
photo;71339054219_10153122270784220;https://www.facebook.com/71339054219/posts/10153122270784220;http://a.ln.com.ar/1K7FIIJ;;URL NULL;
link;71339054219_10153122285664220;https://www.facebook.com/71339054219/posts/10153122285664220;http://a.ln.com.ar/1K7DsRJ;;URL NULL;
link;71339054219_10153122318984220;https://www.facebook.com/71339054219/posts/10153122318984220;http://a.ln.com.ar/1Pb6Nz4;;URL NULL;
link;71339054219_10153122343479220;https://www.facebook.com/71339054219/posts/10153122343479220;http://a.ln.com.ar/1MarNWP;;URL NULL;
photo;71339054219_10153122358014220;https://www.facebook.com/71339054219/posts/10153122358014220;http://a.ln.com.ar/1HvLFNL;;URL NULL;
link;71339054219_10153122363014220;https://www.facebook.com/71339054219/posts/10153122363014220;http://a.ln.com.ar/1PaP0YX;;URL NULL;
photo;71339054219_10153122382499220;https://www.facebook.com/71339054219/posts/10153122382499220;http://a.ln.com.ar/1KUKoVl;;URL NULL;
photo;71339054219_10153122385819220;https://www.facebook.com/71339054219/posts/10153122385819220;http://a.ln.com.ar/1MatCTJ;;URL NULL;
photo;71339054219_10153122387624220;https://www.facebook.com/71339054219/posts/10153122387624220;http://a.ln.com.ar/1DA8Uek;;URL NULL;
photo;71339054219_10153122390814220;https://www.facebook.com/71339054219/posts/10153122390814220;http://a.ln.com.ar/1W67PBd;;URL NULL;
photo;71339054219_10153122393349220;https://www.facebook.com/71339054219/posts/10153122393349220;http://a.ln.com.ar/1J1nrCd;;URL NULL;
photo;71339054219_10153122395114220;https://www.facebook.com/71339054219/posts/10153122395114220;http://a.ln.com.ar/1NfeEdV;;URL NULL;
link;71339054219_10153122428174220;https://www.facebook.com/71339054219/posts/10153122428174220;http://a.ln.com.ar/1Pb12Bq;;URL NULL;
link;71339054219_10153122477714220;https://www.facebook.com/71339054219/posts/10153122477714220;http://a.ln.com.ar/1K7BalE;;URL NULL;
photo;71339054219_10153122571409220;https://www.facebook.com/71339054219/posts/10153122571409220;http://a.ln.com.ar/1UtHNWN;;URL NULL;
link;71339054219_10153122577444220;https://www.facebook.com/71339054219/posts/10153122577444220;http://a.ln.com.ar/1Pb6AMq;;URL NULL;
photo;71339054219_10153122580979220;https://www.facebook.com/71339054219/posts/10153122580979220;http://a.ln.com.ar/1Tc3h8c;;URL NULL;
link;71339054219_10153122598734220;https://www.facebook.com/71339054219/posts/10153122598734220;http://a.ln.com.ar/1Pbrr23;;URL NULL;
photo;71339054219_10153122599904220;https://www.facebook.com/71339054219/posts/10153122599904220;http://a.ln.com.ar/1gQiGiH;;URL NULL;
photo;71339054219_10153122610819220;https://www.facebook.com/71339054219/posts/10153122610819220;http://a.ln.com.ar/1UtLg7I;;URL NULL;
link;71339054219_10153122636314220;https://www.facebook.com/71339054219/posts/10153122636314220;http://a.ln.com.ar/1KVWKza;;URL NULL;
video;71339054219_10153122637834220;https://www.facebook.com/71339054219/posts/10153122637834220;https://www.facebook.com/lanacion/videos/10153122637834220/;;URL NULL;
link;71339054219_10153122700129220;https://www.facebook.com/71339054219/posts/10153122700129220;http://a.ln.com.ar/1Pbu8Rk;;URL NULL;
link;71339054219_10153122744854220;https://www.facebook.com/71339054219/posts/10153122744854220;http://a.ln.com.ar/1KVWa4s;;URL NULL;
link;71339054219_10153122795144220;https://www.facebook.com/71339054219/posts/10153122795144220;http://a.ln.com.ar/1MaxYtW;;URL NULL;
link;71339054219_10153122933769220;https://www.facebook.com/71339054219/posts/10153122933769220;http://a.ln.com.ar/1PbQwKd;;URL NULL;
link;71339054219_10153122972869220;https://www.facebook.com/71339054219/posts/10153122972869220;http://a.ln.com.ar/1KWiISM;;URL NULL;
link;71339054219_10153123036554220;https://www.facebook.com/71339054219/posts/10153123036554220;http://a.ln.com.ar/1K8qtiO;;URL NULL;
link;71339054219_10153123060314220;https://www.facebook.com/71339054219/posts/10153123060314220;http://a.ln.com.ar/1Pbuyr0;;URL NULL;
link;71339054219_10153123115624220;https://www.facebook.com/71339054219/posts/10153123115624220;http://a.ln.com.ar/1MaUIKq;;URL NULL;
link;71339054219_10153123137489220;https://www.facebook.com/71339054219/posts/10153123137489220;http://a.ln.com.ar/1MaRpD0;;URL NULL;
link;71339054219_10153123183284220;https://www.facebook.com/71339054219/posts/10153123183284220;http://a.ln.com.ar/1PbzpIx;;URL NULL;
link;71339054219_10153123225274220;https://www.facebook.com/71339054219/posts/10153123225274220;http://a.ln.com.ar/1PbQxOi;;URL NULL;
link;71339054219_10153123248259220;https://www.facebook.com/71339054219/posts/10153123248259220;http://a.ln.com.ar/1K8hbDj;;URL NULL;
link;71339054219_10153123274214220;https://www.facebook.com/71339054219/posts/10153123274214220;http://a.ln.com.ar/1PbC70B;;URL NULL;
link;71339054219_10153123303279220;https://www.facebook.com/71339054219/posts/10153123303279220;http://a.ln.com.ar/1PbpRgM;;URL NULL;
link;71339054219_10153123354924220;https://www.facebook.com/71339054219/posts/10153123354924220;http://a.ln.com.ar/1KVVX1a;;URL NULL;
link;71339054219_10153123370869220;https://www.facebook.com/71339054219/posts/10153123370869220;http://a.ln.com.ar/1MaK5Y1;;URL NULL;
link;71339054219_10153123412659220;https://www.facebook.com/71339054219/posts/10153123412659220;http://a.ln.com.ar/1K8sYBH;;URL NULL;
link;71339054219_10153123440809220;https://www.facebook.com/71339054219/posts/10153123440809220;http://a.ln.com.ar/1PbVgzD;;URL NULL;
photo;71339054219_10153123619634220;https://www.facebook.com/71339054219/posts/10153123619634220;https://www.facebook.com/lanacion/photos/a.10150092000724220.273081.71339054219/10153123619634220/?type=3;;URL NULL;
photo;71339054219_10153123619969220;https://www.facebook.com/71339054219/posts/10153123619969220;https://www.facebook.com/lanacion/photos/a.10150092000724220.273081.71339054219/10153123619969220/?type=3;;URL NULL;
link;71339054219_10153124092964220;https://www.facebook.com/71339054219/posts/10153124092964220;http://a.ln.com.ar/1K99QU6;;URL NULL;
link;71339054219_10153124216409220;https://www.facebook.com/71339054219/posts/10153124216409220;http://a.ln.com.ar/1T3KJMD;;URL NULL;
link;71339054219_10153124276199220;https://www.facebook.com/71339054219/posts/10153124276199220;http://a.ln.com.ar/1T3NrBQ;;URL NULL;
link;71339054219_10153124303144220;https://www.facebook.com/71339054219/posts/10153124303144220;http://a.ln.com.ar/1T3OHon;;URL NULL;
link;71339054219_10153124366439220;https://www.facebook.com/71339054219/posts/10153124366439220;http://a.ln.com.ar/1DCB2xD;;URL NULL;
link;71339054219_10153124402124220;https://www.facebook.com/71339054219/posts/10153124402124220;http://a.ln.com.ar/1DCEpo6;;URL NULL;
photo;71339054219_10153124416119220;https://www.facebook.com/71339054219/posts/10153124416119220;http://a.ln.com.ar/1gPZ5zk;;URL NULL;
photo;71339054219_10153124417634220;https://www.facebook.com/71339054219/posts/10153124417634220;http://a.ln.com.ar/1MStWbf;;URL NULL;
photo;71339054219_10153124418254220;https://www.facebook.com/71339054219/posts/10153125608599220;http://a.ln.com.ar/1KUSMUL;;URL NULL;
link;71339054219_10153124487509220;https://www.facebook.com/71339054219/posts/10153124487509220;http://a.ln.com.ar/1T5ytLz;;URL NULL;
link;71339054219_10153124517664220;https://www.facebook.com/71339054219/posts/10153124517664220;http://a.ln.com.ar/1NgNaEA;;URL NULL;
photo;71339054219_10153124549519220;https://www.facebook.com/71339054219/posts/10153124549519220;https://www.facebook.com/lanacion/photos/a.10150092000724220.273081.71339054219/10153124549519220/?type=3;;URL NULL;
photo;71339054219_10153124550339220;https://www.facebook.com/71339054219/posts/10153124550339220;https://www.facebook.com/lanacion/photos/a.10150092000724220.273081.71339054219/10153124550339220/?type=3;;URL NULL;
link;71339054219_10153124596289220;https://www.facebook.com/71339054219/posts/10153124596289220;http://a.ln.com.ar/1DCDXpS;;URL NULL;
link;71339054219_10153124628944220;https://www.facebook.com/71339054219/posts/10153124628944220;http://a.ln.com.ar/1T5QAkB;;URL NULL;
link;71339054219_10153124708064220;https://www.facebook.com/71339054219/posts/10153124708064220;http://a.ln.com.ar/1T61IxI;;URL NULL;
link;71339054219_10153124745104220;https://www.facebook.com/71339054219/posts/10153124745104220;http://a.ln.com.ar/1NhvJ6Z;;URL NULL;
photo;71339054219_10153124775374220;https://www.facebook.com/71339054219/posts/10153124775374220;http://a.ln.com.ar/1DD2ifu;;URL NULL;
photo;71339054219_10153124780964220;https://www.facebook.com/71339054219/posts/10153124780964220;http://a.ln.com.ar/1Dy4KnO;;URL NULL;
photo;71339054219_10153124788589220;https://www.facebook.com/71339054219/posts/10153124788589220;http://a.ln.com.ar/1KXzvVB;;URL NULL;
link;71339054219_10153124803834220;https://www.facebook.com/71339054219/posts/10153124803834220;http://a.ln.com.ar/1NhAsW5;;URL NULL;
link;71339054219_10153124830744220;https://www.facebook.com/71339054219/posts/10153124830744220;http://a.ln.com.ar/1T5AffM;;URL NULL;
link;71339054219_10153124886589220;https://www.facebook.com/71339054219/posts/10153124886589220;http://a.ln.com.ar/1Pb6AMq;;URL NULL;
link;71339054219_10153124916829220;https://www.facebook.com/71339054219/posts/10153124916829220;http://a.ln.com.ar/1T5OS2H;;URL NULL;
link;71339054219_10153125034584220;https://www.facebook.com/71339054219/posts/10153125034584220;http://a.ln.com.ar/1DDjcuk;;URL NULL;
link;71339054219_10153125063359220;https://www.facebook.com/71339054219/posts/10153125063359220;http://a.ln.com.ar/1T5HQef;;URL NULL;
link;71339054219_10153125121099220;https://www.facebook.com/71339054219/posts/10153125121099220;http://a.ln.com.ar/1DDjPUA;;URL NULL;
link;71339054219_10153125146409220;https://www.facebook.com/71339054219/posts/10153125146409220;http://a.ln.com.ar/1KaQVs7;;URL NULL;
link;71339054219_10153125200214220;https://www.facebook.com/71339054219/posts/10153125200214220;http://a.ln.com.ar/1T6Jmgb;;URL NULL;
link;71339054219_10153125223224220;https://www.facebook.com/71339054219/posts/10153125223224220;http://a.ln.com.ar/1KahYnf;;URL NULL;
link;71339054219_10153125292259220;https://www.facebook.com/71339054219/posts/10153125292259220;http://a.ln.com.ar/1T6K5hk;;URL NULL;
link;71339054219_10153125321984220;https://www.facebook.com/71339054219/posts/10153125321984220;http://a.ln.com.ar/1NhCuFD;;URL NULL;
link;71339054219_10153125367839220;https://www.facebook.com/71339054219/posts/10153125367839220;http://a.ln.com.ar/1DCIFE7;;URL NULL;
link;71339054219_10153125388769220;https://www.facebook.com/71339054219/posts/10153125388769220;http://a.ln.com.ar/1NhzysJ;;URL NULL;
link;71339054219_10153125435194220;https://www.facebook.com/71339054219/posts/10153125435194220;http://a.ln.com.ar/1DD6Gv0;;URL NULL;
link;71339054219_10153125470579220;https://www.facebook.com/71339054219/posts/10153125470579220;http://a.ln.com.ar/1T5Mglh;;URL NULL;
link;71339054219_10153125512074220;https://www.facebook.com/71339054219/posts/10153125512074220;http://a.ln.com.ar/1KaR4vI;;URL NULL;
link;71339054219_10153125541264220;https://www.facebook.com/71339054219/posts/10153125541264220;http://a.ln.com.ar/1DDwYNG;;URL NULL;
link;71339054219_10153125608599220;https://www.facebook.com/71339054219/posts/10153125608599220;http://a.ln.com.ar/1DDx3kp;;URL NULL;
link;71339054219_10153125632269220;https://www.facebook.com/71339054219/posts/10153125632269220;http://a.ln.com.ar/1DDxv26;;URL NULL;
link;71339054219_10153125669444220;https://www.facebook.com/71339054219/posts/10153125669444220;http://a.ln.com.ar/1KaRxxS;;URL NULL;
photo;71339054219_10153126072294220;https://www.facebook.com/71339054219/posts/10153126072294220;https://www.facebook.com/lanacion/photos/a.10150092000724220.273081.71339054219/10153126072294220/?type=3;;URL NULL;
link;71339054219_10153126094279220;https://www.facebook.com/71339054219/posts/10153126094279220;http://a.ln.com.ar/1f1oofZ;;URL NULL;
photo;71339054219_10153126095064220;https://www.facebook.com/71339054219/posts/10153126095064220;https://www.facebook.com/lanacion/photos/a.10150092000724220.273081.71339054219/10153126095064220/?type=3;;URL NULL;
photo;71339054219_10153126095584220;https://www.facebook.com/71339054219/posts/10153126095584220;https://www.facebook.com/lanacion/photos/a.10150092000724220.273081.71339054219/10153126095584220/?type=3;;URL NULL;
link;71339054219_10153126126074220;https://www.facebook.com/71339054219/posts/10153126126074220;http://a.ln.com.ar/1N0AMe6;;URL NULL;
link;71339054219_10153126160774220;https://www.facebook.com/71339054219/posts/10153126160774220;http://a.ln.com.ar/1OZeQP0;;URL NULL;
link;71339054219_10153126187804220;https://www.facebook.com/71339054219/posts/10153126187804220;http://a.ln.com.ar/1Pb6AMq;;URL NULL;
video;71339054219_10153126188224220;https://www.facebook.com/71339054219/posts/10153126188224220;https://www.facebook.com/lanacion/videos/10153126188224220/;;URL NULL;
link;71339054219_10153126257049220;https://www.facebook.com/71339054219/posts/10153126257049220;http://a.ln.com.ar/1N0LCRl;;URL NULL;
link;71339054219_10153126288414220;https://www.facebook.com/71339054219/posts/10153126288414220;http://a.ln.com.ar/1MVKLCg;;URL NULL;
link;71339054219_10153126327564220;https://www.facebook.com/71339054219/posts/10153126327564220;http://a.ln.com.ar/1N0zcZB;;URL NULL;
link;71339054219_10153126365664220;https://www.facebook.com/71339054219/posts/10153126365664220;http://a.ln.com.ar/1N0UENW;;URL NULL;
link;71339054219_10153126390394220;https://www.facebook.com/71339054219/posts/10153126390394220;http://a.ln.com.ar/1f1DUIM;;URL NULL;
link;71339054219_10153126417279220;https://www.facebook.com/71339054219/posts/10153126417279220;http://a.ln.com.ar/1MVIMOl;;URL NULL;
link;71339054219_10153126446834220;https://www.facebook.com/71339054219/posts/10153126446834220;http://a.ln.com.ar/1N17uvI;;URL NULL;
photo;71339054219_10153126453109220;https://www.facebook.com/71339054219/posts/10153126453109220;http://a.ln.com.ar/1EhIjxJ;;URL NULL;
link;71339054219_10153126495644220;https://www.facebook.com/71339054219/posts/10153126495644220;http://a.ln.com.ar/1N0HwbS;;URL NULL;
link;71339054219_10153126544724220;https://www.facebook.com/71339054219/posts/10153126544724220;http://a.ln.com.ar/1f1OOy4;;URL NULL;
link;71339054219_10153126603739220;https://www.facebook.com/71339054219/posts/10153126603739220;http://a.ln.com.ar/1MVT6px;;URL NULL;
link;71339054219_10153126637609220;https://www.facebook.com/71339054219/posts/10153126637609220;http://a.ln.com.ar/1MVKhMp;;URL NULL;
link;71339054219_10153126687634220;https://www.facebook.com/71339054219/posts/10153126687634220;http://a.ln.com.ar/1N0Zlay;;URL NULL;
link;71339054219_10153126732879220;https://www.facebook.com/71339054219/posts/10153126732879220;http://a.ln.com.ar/1MWc1ka;;URL NULL;
link;71339054219_10153126773429220;https://www.facebook.com/71339054219/posts/10153126773429220;http://a.ln.com.ar/1f1WWPc;;URL NULL;
link;71339054219_10153126802904220;https://www.facebook.com/71339054219/posts/10153126802904220;http://a.ln.com.ar/1MWkzr4;;URL NULL;
link;71339054219_10153126883899220;https://www.facebook.com/71339054219/posts/10153126883899220;http://a.ln.com.ar/1OZDmPT;;URL NULL;
link;71339054219_10153126922304220;https://www.facebook.com/71339054219/posts/10153126922304220;http://a.ln.com.ar/1N1CwUp;;URL NULL;
link;71339054219_10153126990384220;https://www.facebook.com/71339054219/posts/10153126990384220;http://a.ln.com.ar/1f269ab;;URL NULL;
link;71339054219_10153127015104220;https://www.facebook.com/71339054219/posts/10153127015104220;http://a.ln.com.ar/1MWxUjj;;URL NULL;
link;71339054219_10153127057914220;https://www.facebook.com/71339054219/posts/10153127057914220;http://a.ln.com.ar/1MWzvFz;;URL NULL;
photo;71339054219_10153127075974220;https://www.facebook.com/71339054219/posts/10153127075974220;https://www.facebook.com/lanacion/photos/a.10150092000724220.273081.71339054219/10153127075974220/?type=3;;URL NULL;
link;71339054219_10153127108239220;https://www.facebook.com/71339054219/posts/10153127108239220;http://a.ln.com.ar/1f26864;;URL NULL;
link;71339054219_10153127298294220;https://www.facebook.com/71339054219/posts/10153127298294220;http://a.ln.com.ar/1MWIZkf;;URL NULL;
video;71339054219_10153127307799220;https://www.facebook.com/71339054219/posts/10153127307799220;https://www.facebook.com/lanacion/videos/10153127307799220/;;URL NULL;
link;71339054219_10153127324044220;https://www.facebook.com/71339054219/posts/10153127324044220;http://a.ln.com.ar/1OZUbtY;;URL NULL;
link;71339054219_10153127378664220;https://www.facebook.com/71339054219/posts/10153127378664220;http://a.ln.com.ar/1f2m5Jo;;URL NULL;
link;71339054219_10153127403674220;https://www.facebook.com/71339054219/posts/10153127403674220;http://www.lanacion.com.ar/1817745-santa-fe-faltaron-las-autoridades-de-mesa-y-el-primero-de-la-fila-estaba-borracho;;URL NULL;
link;71339054219_10153127429309220;https://www.facebook.com/71339054219/posts/10153127429309220;http://www.lanacion.com.ar/1817761-elisa-carrio-yo-perdi-la-eleccion-la-gano-macri;;URL NULL;
video;71339054219_10153127446674220;https://www.facebook.com/71339054219/posts/10153127446674220;https://www.facebook.com/lanacion/videos/10153127446674220/;;URL NULL;
link;71339054219_10153127474129220;https://www.facebook.com/71339054219/posts/10153127474129220;http://www.lanacion.com.ar/1817762-cordoba-la-novia-de-la-juventud-del-che-guevara-fue-fiscal-de-mesa;;URL NULL;
link;71339054219_10153127497294220;https://www.facebook.com/71339054219/posts/10153127497294220;http://www.lanacion.com.ar/1817764-para-advertir-por-las-inundaciones-un-hombre-fue-a-votar-disfrazado-de-buzo-en-cordoba;;URL NULL;
link;71339054219_10153127537234220;https://www.facebook.com/71339054219/posts/10153127537234220;http://www.lanacion.com.ar/1817774-daniel-scioli-obtuvo-el-94-de-los-votos-en-campo-gallo-donde-ayer-hablo-el-papa-con-una-radio-comunitaria;;URL NULL;
photo;71339054219_10153127552614220;https://www.facebook.com/71339054219/posts/10153127552614220;http://a.ln.com.ar/1N2gRLK;;URL NULL;
link;71339054219_10153127557674220;https://www.facebook.com/71339054219/posts/10153127557674220;http://www.lanacion.com.ar/1817842-margarita-stolbizer-hoy-estamos-en-octubre-y-era-lo-que-buscabamos;;URL NULL;
link;71339054219_10153127573234220;https://www.facebook.com/71339054219/posts/10153127573234220;http://www.lanacion.com.ar/1817009-que-se-necesita-para-ser-presidente-herramientas-y-estudios-basicosexperienciasque-hay-que-saber-para-ser-presidente-el-titulo-en-la-era-de-la-gestionpoliticaque-se-necesita-para-ser-president;;URL NULL;
link;71339054219_10153127574734220;https://www.facebook.com/71339054219/posts/10153127574734220;http://www.lanacion.com.ar/1817370-ganadores-y-perdedores-con-una-devaluacion;;URL NULL;
link;71339054219_10153127576309220;https://www.facebook.com/71339054219/posts/10153127576309220;http://www.lanacion.com.ar/1817753-eeuu-envia-aviones-cazas-f-16-a-turquia-para-combatir-a-estado-islamico;;URL NULL;
link;71339054219_10153127589649220;https://www.facebook.com/71339054219/posts/10153127589649220;http://www.lanacion.com.ar/1817852-la-mirada-de-bbc-de-la-jornada-electoral-el-quilombo-de-elegir-presidente-en-argentina;;URL NULL;
link;71339054219_10153127619979220;https://www.facebook.com/71339054219/posts/10153127619979220;http://www.lanacion.com.ar/1817843-diez-ciudadanos-que-tenian-pedidos-de-captura-fueron-detenidos-al-ir-a-votar;;URL NULL;
link;71339054219_10153127663254220;https://www.facebook.com/71339054219/posts/10153127663254220;http://www.lanacion.com.ar/1817861-julio-alak-necesito-520-minutos-para-explicar-los-primeros-resultados-oficiales;;URL NULL;
status;71339054219_101891706546268;https://www.facebook.com/71339054219/posts/101891706546268;http://bit.ly/dxanFg;www.lanacion.com.ar;http://www.lanacion.com.ar/1319031-el-censo-continuara-hasta-el-domingo-telefonicamente;
link;71339054219_102145086521904;https://www.facebook.com/71339054219/posts/102145086521904;http://bit.ly/9vCQWI;www.lanacion.com.ar;http://www.lanacion.com.ar/1319364-la-bolsa-y-los-bonos-anotaron-subas;
link;71339054219_105383812914271;https://www.facebook.com/71339054219/posts/105383812914271;http://www.lanacion.com.ar/1430974-moneda-dos-pesos;;URL NULL;
status;71339054219_107106962688538;https://www.facebook.com/71339054219/posts/107106962688538;http://bit.ly/9DyiG5;www.lanacion.com.ar;http://www.lanacion.com.ar/1318760-diferencias-en-el-peronismo-federal-ante-una-probable-candidatura-de-scioli;
link;71339054219_107341059332241;https://www.facebook.com/71339054219/posts/107341059332241;http://bit.ly/dxanFg;www.lanacion.com.ar;http://www.lanacion.com.ar/1319031-el-censo-continuara-hasta-el-domingo-telefonicamente;
status;71339054219_107783955953356;https://www.facebook.com/71339054219/posts/107783955953356;http://bit.ly/cI1hnV;www.lanacion.com.ar;http://www.lanacion.com.ar/1319263-fue-censado-el-97-de-la-poblacion;
status;71339054219_107789742621756;https://www.facebook.com/71339054219/posts/107789742621756;;facebook.com;TIME OUT;
link;71339054219_108233882576731;https://www.facebook.com/71339054219/posts/108233882576731;http://bit.ly/9IF7t2;www.lanacion.com.ar;http://www.lanacion.com.ar/1320108-afirman-que-la-presidenta-encabezara-un-acto-el-martes-en-cordoba;
link;71339054219_108238442575230;https://www.facebook.com/71339054219/posts/108238442575230;http://bit.ly/coNn3c;www.lanacion.com.ar;http://www.lanacion.com.ar/1320086-buscan-a-dos-marinos-tras-el-naufragio-de-un-buque-en-necochea;
link;71339054219_109903832472099;https://www.facebook.com/71339054219/posts/109903832472099;http://www.lanacion.com.ar/1449244-que-es-el-proyecto-x-de-espionaje;;URL NULL;
link;71339054219_110234009105152;https://www.facebook.com/71339054219/posts/110234009105152;http://www.youtube.com/watch?v=nOnKrq-clRc;;URL NULL;
link;71339054219_115827631876831;https://www.facebook.com/71339054219/posts/115827631876831;http://www.lanacion.com.ar/1449732-nineras-para-que-los-padres-duerman;;URL NULL;
status;71339054219_118907688169752;https://www.facebook.com/71339054219/posts/118907688169752;http://bit.ly/cJc7zN;www.lanacion.com.ar;http://www.lanacion.com.ar/1318755-piden-que-buonanotte-sea-llevado-a-juicio;
link;71339054219_119653011429931;https://www.facebook.com/71339054219/posts/119653011429931;http://bit.ly/9zMoCd;www.lanacion.com.ar;http://www.lanacion.com.ar/1319326-cientos-de-miles-de-personas-despidieron-a-nestor-kirchner-en-la-casa-rosada;
link;71339054219_126209987437560;https://www.facebook.com/71339054219/posts/126209987437560;http://bit.ly/bOVhBL;www.lanacion.com.ar;http://www.lanacion.com.ar/1319737-la-presidenta-reprendio-a-la-policia-en-pleno-cortejo-funebre;
link;71339054219_129737593746139;https://www.facebook.com/71339054219/posts/129737593746139;http://bit.ly/bSZqTX;www.lanacion.com.ar;http://www.lanacion.com.ar/1320081-ballottage-en-brasil-rousseff-y-serra-cierran-sus-campanas;
link;71339054219_134449263331734;https://www.facebook.com/71339054219/posts/134449263331734;http://servicios.lanacion.com.ar/informacion-general/pronostico/;;URL NULL;
status;71339054219_136856573032273;https://www.facebook.com/71339054219/posts/136856573032273;http://bit.ly/9ShX8U;www.lanacion.com.ar;http://www.lanacion.com.ar/1318732-matan-a-un-policia-delante-de-su-hija;
link;71339054219_137234736387153;https://www.facebook.com/71339054219/posts/137234736387153;http://www.lanacion.com.ar/1431808-cobos-cumplio-con-la-obligacion-y-se-fue;;URL NULL;
link;71339054219_137370206312752;https://www.facebook.com/71339054219/posts/137370206312752;http://bit.ly/92FqFZ;www.lanacion.com.ar;http://www.lanacion.com.ar/1320239-lanacioncom-premiado-por-su-excelencia-en-periodismo-digital;
status;71339054219_137609472955834;https://www.facebook.com/71339054219/posts/137609472955834;http://bit.ly/9C9hJ6;www.lanacion.com.ar;http://www.lanacion.com.ar/1319037-el-impacto-en-la-prensa-mundial;
link;71339054219_137976282918858;https://www.facebook.com/71339054219/posts/137976282918858;http://bit.ly/cuOcbg;www.lanacion.com.ar;http://www.lanacion.com.ar/1319918-los-mosquitos-no-solo-transmiten-el-dengue;
status;71339054219_138187612896986;https://www.facebook.com/71339054219/posts/138187612896986;;facebook.com;TIME OUT;
link;71339054219_149363678502652;https://www.facebook.com/71339054219/posts/149363678502652;http://www.lanacion.com.ar/1430111-hablemos-de-dinero-mi-cunado-me-pidio-5000-y-no-se-que-hacer;;URL NULL;
link;71339054219_149952718443577;https://www.facebook.com/71339054219/posts/149952718443577;http://www.lanacion.com.ar/1430417-los-tangos-de-melingo-enamoran-a-paris;;URL NULL;
link;71339054219_150069658371665;https://www.facebook.com/71339054219/posts/150069658371665;http://bit.ly/bz9V5O;www.lanacion.com.ar;http://www.lanacion.com.ar/1319693-como-es-el-recorrido-del-traslado-del-feretro;
link;71339054219_151438538232785;https://www.facebook.com/71339054219/posts/151438538232785;http://bit.ly/9KbBjS;www.lanacion.com.ar;http://www.lanacion.com.ar/1318514-caso-fibertel-la-guerra-que-tiene-atonitos-a-los-usuarios;
link;71339054219_152265918149413;https://www.facebook.com/71339054219/posts/152265918149413;http://bit.ly/adOGks;www.lanacion.com.ar;http://www.lanacion.com.ar/1319033-el-pais-conmocionado-por-la-muerte-del-ex-presidente-nestor-kirchner;
link;71339054219_152629331447261;https://www.facebook.com/71339054219/posts/152629331447261;http://bit.ly/aWeXJU;www.lanacion.com.ar;http://www.lanacion.com.ar/1320100-hasta-hoy-hay-tiempo-para-censarse-telefonicamente;
link;71339054219_156914127678768;https://www.facebook.com/71339054219/posts/156914127678768;http://bit.ly/9qF0Bc;www.lanacion.com.ar;http://www.lanacion.com.ar/1319335-lula-emocionado-dio-su-ultimo-adios-a-nestor;
status;71339054219_157166074321202;https://www.facebook.com/71339054219/posts/157166074321202;;facebook.com;TIME OUT;
link;71339054219_159960994035681;https://www.facebook.com/71339054219/posts/159960994035681;http://bit.ly/9mtMOC;www.lanacion.com.ar;http://www.lanacion.com.ar/1318770-alberto-fernandez-califico-a-kunkel-de-imbecil;
link;71339054219_160111224023757;https://www.facebook.com/71339054219/posts/160111224023757;http://bit.ly/cu9Rok;www.lanacion.com.ar;http://www.lanacion.com.ar/1318734-crimen-de-ferreyra-el-tercer-sospechoso-detenido-apunto-contra-diaz;
status;71339054219_161195333913219;https://www.facebook.com/71339054219/posts/161195333913219;;facebook.com;TIME OUT;
link;71339054219_161244660573498;https://www.facebook.com/71339054219/posts/161244660573498;http://bit.ly/axKzqP;www.lanacion.com.ar;http://www.lanacion.com.ar/1319334-anibal-fernandez-despues-de-la-muerte-de-mi-viejo-nunca-tuve-un-dia-tan-triste;
status;71339054219_161751947180580;https://www.facebook.com/71339054219/posts/161751947180580;http://bit.ly/cIHBxS;www.lanacion.com.ar;http://www.lanacion.com.ar/1319683-lo-que-hay-que-saber-antes-de-salir-de-casa;
status;71339054219_162807790406225;https://www.facebook.com/71339054219/posts/162807790406225;http://bit.ly/90bNJ5;www.lanacion.com.ar;http://www.lanacion.com.ar/1318829-lo-que-hay-que-saber-antes-de-volver-a-casa;
link;71339054219_164750956882983;https://www.facebook.com/71339054219/posts/164750956882983;http://bit.ly/9LuRUN;www.lanacion.com.ar;http://www.lanacion.com.ar/1319082-moyano-los-trabajadores-no-lo-vamos-a-olvidar;
status;71339054219_164848393540239;https://www.facebook.com/71339054219/posts/164848393540239;;facebook.com;TIME OUT;
status;71339054219_165345410161996;https://www.facebook.com/71339054219/posts/165345410161996;http://bit.ly/aEV0kf;www.lanacion.com.ar;http://www.lanacion.com.ar/1320068-kirchner-fue-sepultado-en-santa-cruz;
link;71339054219_165965300088370;https://www.facebook.com/71339054219/posts/165965300088370;http://bit.ly/dykQaB;www.lanacion.com.ar;http://www.lanacion.com.ar/1319373-cobos-no-fue-a-la-rosada-por-pedido-del-ejecutivo;
status;71339054219_166098720076428;https://www.facebook.com/71339054219/posts/166098720076428;http://bit.ly/9OE2Ga;www.lanacion.com.ar;http://www.lanacion.com.ar/1319681-despidieron-los-restos-de-nestor-kirchner-en-el-cementerio-de-rio-gallegos;
link;71339054219_168541779839518;https://www.facebook.com/71339054219/posts/168541779839518;http://bit.ly/b51iHl;www.lanacion.com.ar;http://www.lanacion.com.ar/1319919-tormenta-tragica-en-una-autopista-de-cordoba-9-muertos;
link;71339054219_168743723152376;https://www.facebook.com/71339054219/posts/168743723152376;http://bit.ly/alBhfg;www.lanacion.com.ar;http://www.lanacion.com.ar/1317915-diez-claves-que-hay-que-saber-antes-del-censo;" Quin tiene que estar presente en la casa durante el censo?  El censo puede ser respondido por cualquiera de las personas que habitan la vivienda, aunque idealmente se espera que lo responda el jefe de hogar. Esta es una figura que slo se utiliza para determinar la relacin de parentesco que tienen las dems personas que comparten el hogar y es designada por los mismos residentes de la vivienda. Lo importante es que en todo momento haya alguien que pueda responder las preguntas del censista.
link;71339054219_171170579564671;https://www.facebook.com/71339054219/posts/171170579564671;http://bit.ly/9Svl0O;www.lanacion.com.ar;http://www.lanacion.com.ar/1318786-el-multimillonario-soros-pidio-legalizar-la-marihuana-en-eeuu;
status;71339054219_172118106132041;https://www.facebook.com/71339054219/posts/172118106132041;http://bit.ly/9OE2Ga;www.lanacion.com.ar;http://www.lanacion.com.ar/1319681-despidieron-los-restos-de-nestor-kirchner-en-el-cementerio-de-rio-gallegos;
link;71339054219_184336654992310;https://www.facebook.com/71339054219/posts/184336654992310;http://www.lanacion.com.ar/1430356-nafta;;URL NULL;
link;71339054219_188529897917929;https://www.facebook.com/71339054219/posts/369903193037809;http://www.lanacion.com.ar/1448848-cont-no-informan-los-sueldos-del-ejecutivo;;URL NULL;
link;71339054219_201149566637057;https://www.facebook.com/71339054219/posts/201149566637057;http://www.lanacion.com.ar/1430886-nada-ni-nadie-nos-hara-cambiar-el-rumbo-dijo-cristina-dias-antes-de-asumir;;URL NULL;
link;71339054219_201422679943948;https://www.facebook.com/71339054219/posts/201422679943948;http://www.lanacion.com.ar/1431641-la-jura-de-cristina;;URL NULL;
link;71339054219_231085813628373;https://www.facebook.com/71339054219/posts/231085813628373;http://www.lanacion.com.ar/1430610-el-nuevo-congreso-quienes-llegan-y-quienes-se-van;;URL NULL;
link;71339054219_232638923492801;https://www.facebook.com/71339054219/posts/232638923492801;http://www.lanacion.com.ar/1449542-las-prepagas-deberan-darle-a-la-afip-los-datos-de-los-que-paguen-cuotas-de-2000;;URL NULL;
link;71339054219_234665846601258;https://www.facebook.com/71339054219/posts/234665846601258;http://www.lanacion.com.ar/1430325-el-ultrakirchnerismo-insiste-es-probable-que-cobos-la-pase-mal;;URL NULL;
link;71339054219_240369239383171;https://www.facebook.com/71339054219/posts/240369239383171;http://www.lanacion.com.ar/1449337-family-fest-dos-dias-de-pura-diversion;;URL NULL;
link;71339054219_256185077775155;https://www.facebook.com/71339054219/posts/256185077775155;http://servicios.lanacion.com.ar/informacion-general/pronostico/;;URL NULL;
link;71339054219_258057687588209;https://www.facebook.com/71339054219/posts/258057687588209;http://www.lanacion.com.ar/1430844-uruguay-observa-a-upm-ex-botnia-por-alcalinidad-mayor-a-la-permitida-en-una-pileta-interna-de-agua-de-lluvia;;URL NULL;
link;71339054219_259897297398611;https://www.facebook.com/71339054219/posts/259897297398611;http://www.lanacion.com.ar/1430203-trasplantes-en-cadena-la-nueva-estrategia-para-salvar-vidas;;URL NULL;
link;71339054219_273680052679558;https://www.facebook.com/71339054219/posts/273680052679558;http://www.lanacion.com.ar/1431638-calles-cortadas-y-transito-suspendio-por-la-asuncion-de-cristina;;URL NULL;
link;71339054219_279135998803721;https://www.facebook.com/71339054219/posts/279135998803721;http://www.lanacion.com.ar/1431884-el-fin-de-semana-largo-movio-1721-millones-y-fue-el-segundo-mejor-del-ano;;URL NULL;
link;71339054219_281459965253699;https://www.facebook.com/71339054219/posts/281459965253699;http://www.lanacion.com.ar/1448921-schiavi-el-gobierno-porteno-tiene-la-vision-del-almacenero;;URL NULL;
link;71339054219_291315630911024;https://www.facebook.com/71339054219/posts/291315630911024;http://www.lanacion.com.ar/1430871-que-le-piden-los-lectores-a-la-presidenta;;URL NULL;
link;71339054219_296812877041294;https://www.facebook.com/71339054219/posts/296812877041294;http://www.lanacion.com.ar/1448312-eutonia-un-metodo-para-ayudar-a-nacer;;URL NULL;
link;71339054219_297931720238884;https://www.facebook.com/71339054219/posts/297931720238884;http://www.lanacion.com.ar/1430636-lorenzino-es-el-nuevo-ministro-de-economia;;URL NULL;
link;71339054219_303043503061953;https://www.facebook.com/71339054219/posts/303043503061953;http://www.lanacion.com.ar/1430974-moneda-dos-pesos;;URL NULL;
link;71339054219_307051299317838;https://www.facebook.com/71339054219/posts/307051299317838;http://www.lanacion.com.ar/1431702-la-presidenta-le-toma-juramento-al-nuevo-gabinete;;URL NULL;
link;71339054219_318028234883554;https://www.facebook.com/71339054219/posts/318028234883554;http://www.lanacion.com.ar/1431458-los-cuatro-desafios-y-el-error-que-reconocio-el-jefe-de-gobierno;;URL NULL;
link;71339054219_318709011490133;https://www.facebook.com/71339054219/posts/318709011490133;http://servicios.lanacion.com.ar/informacion-general/pronostico/;;URL NULL;
link;71339054219_319399738078356;https://www.facebook.com/71339054219/posts/319399738078356;http://www.lanacion.com.ar/1431643-segui-en-vivo-la-asuncion-de-cristina;;URL NULL;
link;71339054219_319527151409115;https://www.facebook.com/71339054219/posts/319527151409115;http://servicios.lanacion.com.ar/informacion-general/pronostico/;;URL NULL;
link;71339054219_322420394435792;https://www.facebook.com/71339054219/posts/322420394435792;http://www.lanacion.com.ar/1431213-twitter-lanzo-un-gran-rediseno;;URL NULL;
link;71339054219_325736767437848;https://www.facebook.com/71339054219/posts/325736767437848;http://www.lanacion.com.ar/1431461-en-rusia-las-mujeres-se-desnudan-en-la-catedral-para-protestar-contra-putin;;URL NULL;
link;71339054219_330677663642321;https://www.facebook.com/71339054219/posts/330677663642321;http://www.lanacion.com.ar/1450017-ya-llegan-boletas-de-luz-y-gas-con-subas-de-hasta-un-400;;URL NULL;
link;71339054219_331162070259999;https://www.facebook.com/71339054219/posts/331162070259999;http://www.youtube.com/watch?v=-5aiR5xZArs;;URL NULL;
link;71339054219_331175176921522;https://www.facebook.com/71339054219/posts/331175176921522;http://www.lanacion.com.ar/1448320-aumentaron-un-100-sus-dietas-senadores-y-diputados;;URL NULL;
link;71339054219_369903193037809;https://www.facebook.com/71339054219/posts/369903193037809;http://www.lanacion.com.ar/1449234-no-tenemos-indicios-de-que-marita-este-muerta-dijo-el-abogado-de-susana-trimarco;;URL NULL;
link;71339054219_371489692864238;https://www.facebook.com/71339054219/posts/371489692864238;http://www.lanacion.com.ar/1448520-graza-foster-de-cartonera-en-una-favela-a-presidenta-de-petrobras;;URL NULL;
link;71339054219_383329835014376;https://www.facebook.com/71339054219/posts/383329835014376;http://www.lanacion.com.ar/1448626-corte-en-9-de-julio-y-avenida-de-mayo;;URL NULL;
link;71339054219_386718294687990;https://www.facebook.com/71339054219/posts/386718294687990;http://www.lanacion.com.ar/1449855-murio-amalia-lacroze-de-fortabat;;URL NULL;
link;71339054219_387397391275705;https://www.facebook.com/71339054219/posts/387397391275705;http://www.lanacion.com.ar/1448275-hoy-se-subsidian-autos-y-tv-pero-no-hay-viviendas;;URL NULL;
link;71339054219_387542011263185;https://www.facebook.com/71339054219/posts/387542011263185;http://servicios.lanacion.com.ar/informacion-general/pronostico/;;URL NULL;
link;71339054219_390521074296372;https://www.facebook.com/71339054219/posts/390521074296372;http://servicios.lanacion.com.ar/informacion-general/pronostico/;;URL NULL;
link;71339054219_396647573684007;https://www.facebook.com/71339054219/posts/396647573684007;http://www.lanacion.com.ar/1450049-purga-en-gendarmeria-garre-paso-a-retiro-a-19-comandantes;;URL NULL;
link;71339054219_558540900853394;https://www.facebook.com/71339054219/posts/558540900853394;http://www.lanacion.com.ar/1572774-elecciones-venezuela-gano-nicolas-maduro;lanacion.com.ar;URL NULL;
